city,district,lon,lat
北京市,北京,116.405285,39.904989
北京市,东城,116.418757,39.917544
北京市,西城,116.366794,39.915309
北京市,朝阳,116.486409,39.921489
北京市,丰台,116.286968,39.863642
北京市,石景山,116.195445,39.914601
北京市,海淀,116.310316,39.956074
北京市,门头沟,116.105381,39.937183
北京市,房山,116.139157,39.735535
北京市,通州,116.658603,39.902486
北京市,顺义,116.653525,40.128936
北京市,昌平,116.235906,40.218085
北京市,大兴,116.338033,39.728908
北京市,怀柔,116.637122,40.324272
北京市,平谷,117.112335,40.144783
北京市,密云,116.843352,40.377362
北京市,延庆,115.985006,40.465325
天津市,天津,117.190182,39.125596
天津市,和平区,117.195907,39.118327
天津市,河东区,117.226568,39.122125
天津市,河西区,117.217536,39.101897
天津市,南开区,117.164143,39.120474
天津市,河北区,117.201569,39.156632
天津市,红桥区,117.163301,39.175066
天津市,东丽区,117.313967,39.087764
天津市,西青区,117.012247,39.139446
天津市,津南区,117.382549,38.989577
天津市,北辰区,117.13482,39.225555
天津市,武清区,117.057959,39.376925
天津市,宝坻区,117.308094,39.716965
天津市,滨海新区,117.654173,39.032846
天津市,宁河区,117.82828,39.328886
天津市,静海区,116.925304,38.935671
天津市,蓟州区,117.407449,40.045342
石家庄市,石家庄,114.502461,38.045474
石家庄市,长安区,114.548151,38.047501
石家庄市,桥西区,114.462931,38.028383
石家庄市,新华区,114.465974,38.067142
石家庄市,井陉矿区,114.058178,38.069748
石家庄市,裕华,114.533257,38.027696
石家庄市,藁城,114.849647,38.033767
石家庄市,鹿泉,114.321023,38.093994
石家庄市,栾城,114.654281,37.886911
石家庄市,井陉,114.144488,38.033614
石家庄市,正定,114.569887,38.147835
石家庄市,行唐,114.552734,38.437422
石家庄市,灵寿,114.37946,38.306546
石家庄市,高邑,114.610699,37.605714
石家庄市,深泽,115.200207,38.18454
石家庄市,赞皇,114.387756,37.660199
石家庄市,无极,114.977845,38.176376
石家庄市,平山,114.184144,38.259311
石家庄市,元氏,114.52618,37.762514
石家庄市,赵县,114.775362,37.754341
石家庄市,辛集,115.217451,37.92904
石家庄市,晋州,115.044886,38.027478
石家庄市,新乐,114.68578,38.344768
唐山市,唐山,118.175393,39.635113
唐山市,路南区,118.210821,39.615162
唐山市,路北区,118.174736,39.628538
唐山市,古冶,118.45429,39.715736
唐山市,开平区,118.264425,39.676171
唐山市,丰南,118.110793,39.56303
唐山市,丰润,118.155779,39.831363
唐山市,曹妃甸,118.446585,39.278277
唐山市,滦南,118.681552,39.506201
唐山市,乐亭,118.905341,39.42813
唐山市,迁西,118.305139,40.146238
唐山市,玉田,117.753665,39.887323
唐山市,遵化,117.965875,40.188616
唐山市,迁安,118.701933,40.012108
唐山市,滦州,118.71048,39.747116
秦皇岛市,秦皇岛,119.586579,39.942531
秦皇岛市,海港区,119.596224,39.943458
秦皇岛市,山海关,119.753591,39.998023
秦皇岛市,北戴河,119.486286,39.825121
秦皇岛市,抚宁,119.240651,39.887053
秦皇岛市,青龙,118.954555,40.406023
秦皇岛市,昌黎,119.164541,39.709729
秦皇岛市,卢龙,118.881809,39.891639
邯郸市,邯郸,114.490686,36.612273
邯郸市,邯山区,114.484989,36.603196
邯郸市,丛台区,114.494703,36.611082
邯郸市,复兴区,114.458242,36.615484
邯郸市,峰峰,114.209936,36.420487
邯郸市,肥乡,114.805154,36.555778
邯郸市,永年,114.496162,36.776413
邯郸市,临漳,114.610703,36.337604
邯郸市,成安,114.680356,36.443832
邯郸市,大名,115.152586,36.283316
邯郸市,涉县,113.673297,36.563143
邯郸市,磁县,114.38208,36.367673
邯郸市,邱县,115.168584,36.81325
邯郸市,鸡泽,114.878517,36.914908
邯郸市,广平,114.950859,36.483603
邯郸市,馆陶,115.289057,36.539461
邯郸市,魏县,114.93411,36.354248
邯郸市,曲周,114.957588,36.773398
邯郸市,武安,114.194581,36.696115
邢台市,邢台,114.561132,37.05073
邢台市,桥东区,114.507131,37.064125
邢台市,桥西区,114.473687,37.068009
邢台市,邢台县,114.143411,37.1771093
邢台市,临城,114.506873,37.444009
邢台市,内丘,114.511523,37.287663
邢台市,柏乡,114.693382,37.483596
邢台市,隆尧,114.776348,37.350925
邢台市,任县,114.684469,37.129952
邢台市,南和,114.691377,37.003812
邢台市,宁晋,114.921027,37.618956
邢台市,巨鹿,115.038782,37.21768
邢台市,新河,115.247537,37.526216
邢台市,广宗,115.142797,37.075548
邢台市,平乡,115.029218,37.069404
邢台市,威县,115.272749,36.983272
邢台市,清河,115.668999,37.059991
邢台市,临西,115.498684,36.8642
邢台市,南宫,115.398102,37.359668
邢台市,沙河,114.504902,36.861903
保定市,保定,115.482331,38.867657
保定市,竞秀,115.470659,38.88662
保定市,莲池,115.500934,38.865005
保定市,满城,115.32442,38.95138
保定市,清苑,115.492221,38.771012
保定市,徐水,115.64941,39.020395
保定市,涞水,115.711985,39.393148
保定市,阜平,114.198801,38.847276
保定市,定兴,115.796895,39.266195
保定市,唐县,114.981241,38.748542
保定市,高阳,115.778878,38.690092
保定市,容城,115.866247,39.05282
保定市,涞源,114.692567,39.35755
保定市,望都,115.154009,38.707448
保定市,安新,115.931979,38.929912
保定市,易县,115.501146,39.35297
保定市,曲阳,114.704055,38.619992
保定市,蠡县,115.583631,38.496429
保定市,顺平,115.132749,38.845127
保定市,博野,115.461798,38.458271
保定市,雄县,116.107474,38.990819
保定市,涿州,115.973409,39.485765
保定市,定州,114.991389,38.517602
保定市,安国,115.33141,38.421367
保定市,高碑店,115.882704,39.327689
张家口市,张家口,114.884091,40.811901
张家口市,桥东区,114.885658,40.813875
张家口市,桥西区,114.882127,40.824385
张家口市,宣化,115.0632,40.609368
张家口市,下花园,115.281002,40.488645
张家口市,万全,114.736131,40.765136
张家口市,崇礼,115.281652,40.971302
张家口市,张北,114.715951,41.151713
张家口市,康保,114.615809,41.850046
张家口市,沽源,115.684836,41.667419
张家口市,尚义,113.977713,41.080091
张家口市,蔚县,114.582695,39.837181
张家口市,阳原,114.167343,40.113419
张家口市,怀安,114.422364,40.671274
张家口市,怀来,115.520846,40.405405
张家口市,涿鹿,115.219246,40.378701
张家口市,赤城,115.832708,40.912081
承德市,承德,117.939152,40.976204
承德市,双桥,117.939152,40.976204
承德市,双滦,117.797485,40.959756
承德市,鹰手营子,117.661154,40.546956
承德市,承德县,118.172496,40.768637
承德市,兴隆,117.507098,40.418525
承德市,滦平,117.337124,40.936644
承德市,隆化,117.736343,41.316667
承德市,丰宁,116.65121,41.209903
承德市,宽城,118.488642,40.607981
承德市,围场,117.764086,41.949404
承德市,平泉,118.690238,41.00561
沧州市,沧州,116.857461,38.310582
沧州市,新华区,116.873049,38.308273
沧州市,运河,116.840063,38.307405
沧州市,沧县,117.007478,38.219856
沧州市,青县,116.838384,38.569646
沧州市,东光,116.542062,37.88655
沧州市,海兴,117.496606,38.141582
沧州市,盐山,117.229814,38.056141
沧州市,肃宁,115.835856,38.427102
沧州市,南皮,116.709171,38.042439
沧州市,吴桥,116.391512,37.628182
沧州市,献县,116.123844,38.189661
沧州市,孟村,117.105104,38.057953
沧州市,泊头,116.570163,38.073479
沧州市,任丘,116.106764,38.706513
沧州市,黄骅,117.343803,38.369238
沧州市,河间,116.089452,38.44149
廊坊市,廊坊,116.704441,39.523927
廊坊市,安次,116.694544,39.502569
廊坊市,广阳,116.713708,39.521931
廊坊市,固安,116.299894,39.436468
廊坊市,永清,116.498089,39.319717
廊坊市,香河,117.007161,39.757212
廊坊市,大城,116.640735,38.699215
廊坊市,文安,116.460107,38.866801
廊坊市,大厂,116.986501,39.889266
廊坊市,霸州,116.392021,39.117331
廊坊市,三河,117.077018,39.982778
衡水市,衡水,115.665993,37.735097
衡水市,桃城,115.694945,37.732237
衡水市,冀州,115.579173,37.542788
衡水市,枣强,115.726499,37.511512
衡水市,武邑,115.892415,37.803774
衡水市,武强,115.970236,38.03698
衡水市,饶阳,115.726577,38.232671
衡水市,安平,115.519627,38.233511
衡水市,故城,115.966747,37.350981
衡水市,景县,116.258446,37.686622
衡水市,阜城,116.164727,37.869945
衡水市,深州,115.554596,38.00347
太原市,太原,112.549248,37.857014
太原市,小店,112.564273,37.817974
太原市,迎泽,112.558851,37.855804
太原市,杏花岭,112.560743,37.879291
太原市,尖草坪,112.487122,37.939893
太原市,万柏林,112.522258,37.862653
太原市,晋源,112.477849,37.715619
太原市,清徐,112.357961,37.60729
太原市,阳曲,112.673818,38.058797
太原市,娄烦,111.793798,38.066035
太原市,古交,112.174353,37.908534
大同市,大同,113.301438,40.090511
大同市,新荣,113.141044,40.258269
大同市,平城,113.304425,40.081998
大同市,云冈,113.1624015,39.996839
大同市,云州,113.618471,40.04623
大同市,阳高,113.749871,40.364927
大同市,天镇,114.09112,40.421336
大同市,广灵,114.279252,39.763051
大同市,灵丘,114.23576,39.438867
大同市,浑源,113.698091,39.699099
大同市,左云,112.70641,40.012873
阳泉市,阳泉,113.583285,37.861188
阳泉市,城区,113.583285,37.861188
阳泉市,矿区,113.559066,37.870085
阳泉市,郊区,113.58664,37.94096
阳泉市,平定,113.631049,37.800289
阳泉市,盂县,113.41223,38.086131
长治市,长治,113.113556,36.191112
长治市,潞州,113.129521,36.209472
长治市,上党,113.057416,36.059287
长治市,屯留,112.892741,36.314072
长治市,潞城,113.223245,36.332233
长治市,襄垣,113.050094,36.532854
长治市,平顺,113.438791,36.200202
长治市,黎城,113.387366,36.502971
长治市,壶关,113.206138,36.110938
长治市,长子,112.884656,36.119484
长治市,武乡,112.8653,36.834315
长治市,沁县,112.70138,36.757123
长治市,沁源,112.340878,36.500777
晋城市,晋城,112.851274,35.497553
晋城市,城区,112.8514,35.4976
晋城市,沁水,112.187213,35.689472
晋城市,阳城,112.422014,35.482177
晋城市,陵川,113.278877,35.775614
晋城市,泽州,112.899137,35.617221
晋城市,高平,112.930691,35.791355
朔州市,朔州,112.433387,39.331261
朔州市,朔城,112.428676,39.324525
朔州市,平鲁,112.295227,39.515603
朔州市,山阴,112.816396,39.52677
朔州市,应县,113.187505,39.559187
朔州市,右玉,112.465588,39.988812
朔州市,怀仁,113.100512,39.82079
晋中市,晋中,112.736465,37.696495
晋中市,榆次,112.740056,37.6976
晋中市,榆社,112.973521,37.069019
晋中市,左权,113.377834,37.079672
晋中市,和顺,113.572919,37.327027
晋中市,昔阳,113.706166,37.60437
晋中市,寿阳,113.177708,37.891136
晋中市,太谷,112.554103,37.424595
晋中市,祁县,112.330532,37.358739
晋中市,平遥,112.174059,37.195474
晋中市,灵石,111.772759,36.847469
晋中市,介休,111.913857,37.027616
运城市,运城,111.003957,35.022778
运城市,盐湖,111.000627,35.025643
运城市,临猗,110.77493,35.141883
运城市,万荣,110.843561,35.417042
运城市,闻喜,111.220306,35.353839
运城市,稷山,110.978996,35.600412
运城市,新绛,111.225205,35.613697
运城市,绛县,111.576182,35.49045
运城市,垣曲,111.67099,35.298293
运城市,夏县,111.223174,35.140441
运城市,平陆,111.212377,34.837256
运城市,芮城,110.69114,34.694769
运城市,永济,110.447984,34.865125
运城市,河津,110.710268,35.59715
忻州市,忻州,112.733538,38.41769
忻州市,忻府,112.734112,38.417743
忻州市,定襄,112.963231,38.484948
忻州市,五台,113.259012,38.725711
忻州市,代县,112.962519,39.065138
忻州市,繁峙,113.267707,39.188104
忻州市,宁武,112.307936,39.001718
忻州市,静乐,111.940231,38.355947
忻州市,神池,112.200438,39.088467
忻州市,五寨,111.841015,38.912761
忻州市,岢岚,111.56981,38.705625
忻州市,河曲,111.146609,39.381895
忻州市,保德,111.085688,39.022576
忻州市,偏关,111.500477,39.442153
忻州市,原平,112.713132,38.729186
临汾市,临汾,111.517973,36.08415
临汾市,尧都,111.522945,36.080366
临汾市,曲沃,111.475529,35.641387
临汾市,翼城,111.713508,35.738621
临汾市,襄汾,111.442932,35.876139
临汾市,洪洞,111.673692,36.255742
临汾市,古县,111.920207,36.26855
临汾市,安泽,112.251372,36.146032
临汾市,浮山,111.850039,35.971359
临汾市,吉县,110.682853,36.099355
临汾市,乡宁,110.857365,35.975402
临汾市,大宁,110.751283,36.46383
临汾市,隰县,110.935809,36.692675
临汾市,永和,110.631276,36.760614
临汾市,蒲县,111.09733,36.411682
临汾市,汾西,111.563021,36.653368
临汾市,侯马,111.371272,35.620302
临汾市,霍州,111.723103,36.57202
吕梁市,吕梁,111.134335,37.524366
吕梁市,离石,111.134462,37.524037
吕梁市,文水,112.032595,37.436314
吕梁市,交城,112.159154,37.555155
吕梁市,兴县,111.124816,38.464136
吕梁市,临县,110.995963,37.960806
吕梁市,柳林,110.89613,37.431664
吕梁市,石楼,110.837119,36.999426
吕梁市,岚县,111.671555,38.278654
吕梁市,方山,111.238885,37.892632
吕梁市,中阳,111.193319,37.342054
吕梁市,交口,111.183188,36.983068
吕梁市,孝义,111.781568,37.144474
吕梁市,汾阳,111.785273,37.267742
呼和浩特市,呼和浩特,111.670801,40.818311
呼和浩特市,新城区,111.685964,40.826225
呼和浩特市,回民区,111.662162,40.815149
呼和浩特市,玉泉区,111.66543,40.799421
呼和浩特市,赛罕区,111.698463,40.807834
呼和浩特市,土左旗,111.09,40.41
呼和浩特市,托克托,111.11,40.16
呼和浩特市,和林格尔,111.824143,40.380288
呼和浩特市,清水河,111.67222,39.912479
呼和浩特市,武川,111.456563,41.094483
包头市,包头,109.840405,40.658168
包头市,东河区,110.026895,40.587056
包头市,昆都仑区,109.822932,40.661345
包头市,青山区,109.880049,40.668558
包头市,石拐区,110.272565,40.672094
包头市,白云鄂博,109.97016,41.769246
包头市,九原区,109.968122,40.600581
包头市,土右旗,110.32,40.33
包头市,固阳,110.063421,41.030004
包头市,达茂旗,110.26,41.42
乌海市,乌海,106.825563,39.673734
乌海市,海勃湾区,106.817762,39.673527
乌海市,海南区,106.884789,39.44153
乌海市,乌达,106.722711,39.502288
赤峰市,赤峰,118.956806,42.275317
赤峰市,红山,118.961087,42.269732
赤峰市,元宝山,119.289877,42.041168
赤峰市,松山,118.938958,42.281046
赤峰市,阿鲁旗,120.03,43.53
赤峰市,巴林左旗,119.391737,43.980715
赤峰市,巴林右旗,118.678347,43.528963
赤峰市,林西,118.05775,43.605326
赤峰市,克什克腾旗,117.542465,43.256233
赤峰市,翁牛特旗,119.022619,42.937128
赤峰市,喀喇沁旗,118.708572,41.92778
赤峰市,宁城,119.339242,41.598692
赤峰市,敖汉旗,119.906486,42.287012
通辽市,通辽,122.263119,43.617429
通辽市,科尔沁区,121.472818,45.059645
通辽市,科左中旗,123.18,44.08
通辽市,科左后旗,122.21,42.58
通辽市,开鲁,121.308797,43.602432
通辽市,库伦旗,121.774886,42.734692
通辽市,奈曼旗,120.662543,42.84685
通辽市,扎鲁特旗,120.905275,44.555294
通辽市,霍林郭勒,119.657862,45.532361
鄂尔多斯市,鄂尔多斯,109.99029,39.817179
鄂尔多斯市,东胜,109.98945,39.81788
鄂尔多斯市,康巴什,109.868118,39.615711
鄂尔多斯市,达拉特旗,110.040281,40.404076
鄂尔多斯市,准格尔旗,111.238332,39.865221
鄂尔多斯市,鄂前旗,107.29,38.11
鄂尔多斯市,鄂托克旗,107.982604,39.095752
鄂尔多斯市,杭锦旗,108.736324,39.831789
鄂尔多斯市,乌审旗,108.842454,38.596611
鄂尔多斯市,伊金霍洛,109.787402,39.604312
呼伦贝尔市,呼伦贝尔,119.758168,49.215333
呼伦贝尔市,海拉尔,119.764923,49.213889
呼伦贝尔市,扎赉诺尔,117.716373,49.456567
呼伦贝尔市,阿荣旗,123.464615,48.130503
呼伦贝尔市,莫力达瓦,124.507401,48.478385
呼伦贝尔市,鄂伦春旗,123.44,50.35
呼伦贝尔市,鄂温克旗,119.45,49.09
呼伦贝尔市,陈旗,119.26,49.19
呼伦贝尔市,新左旗,118.16,48.13
呼伦贝尔市,新右旗,116.49,48.4
呼伦贝尔市,满洲里,117.455561,49.590788
呼伦贝尔市,牙克石,120.729005,49.287024
呼伦贝尔市,扎兰屯,122.744401,48.007412
呼伦贝尔市,额尔古纳,120.178636,50.2439
呼伦贝尔市,根河,121.532724,50.780454
巴彦淖尔市,巴彦淖尔,107.416959,40.757402
巴彦淖尔市,临河,107.417018,40.757092
巴彦淖尔市,五原,108.270658,41.097639
巴彦淖尔市,磴口,107.006056,40.330479
巴彦淖尔市,乌前旗,108.39,40.44
巴彦淖尔市,乌中旗,108.31,41.34
巴彦淖尔市,乌后旗,106.59,41.27
巴彦淖尔市,杭锦后旗,107.147682,40.888797
乌兰察布市,乌兰察布,113.114543,41.034126
乌兰察布市,集宁,113.116453,41.034134
乌兰察布市,卓资,112.577702,40.89576
乌兰察布市,化德,114.01008,41.899335
乌兰察布市,商都,113.560643,41.560163
乌兰察布市,兴和,113.834009,40.872437
乌兰察布市,凉城,112.500911,40.531627
乌兰察布市,察右前旗,113.13,40.48
乌兰察布市,察右中旗,112.37,41.16
乌兰察布市,察右后旗,113.11,41.27
乌兰察布市,四子王旗,111.70123,41.528114
乌兰察布市,丰镇,113.163462,40.437534
兴安盟,兴安盟,122.070317,46.076268
兴安盟,乌兰浩特,122.068975,46.077238
兴安盟,阿尔山,119.943656,47.177
兴安盟,科右前旗,122.069,46.063
兴安盟,科右中旗,121.28,45.03
兴安盟,扎赉特旗,122.909332,46.725136
兴安盟,突泉,121.564856,45.380986
锡林郭勒盟,锡林郭勒,116.090996,43.944018
锡林郭勒盟,二连浩特,111.97981,43.652895
锡林郭勒盟,锡林浩特,116.091903,43.944301
锡林郭勒盟,阿巴嘎旗,114.970618,44.022728
锡林郭勒盟,苏左旗,113.38,43.52
锡林郭勒盟,苏右旗,112.39,42.45
锡林郭勒盟,东乌旗,116.58,45.31
锡林郭勒盟,西乌旗,117.36,44.35
锡林郭勒盟,太仆寺旗,115.28728,41.895199
锡林郭勒盟,镶黄旗,113.843869,42.239229
锡林郭勒盟,正镶白旗,115.031423,42.286807
锡林郭勒盟,正蓝旗,116.003311,42.245895
锡林郭勒盟,多伦,116.477288,42.197962
阿拉善盟,阿拉善,105.706422,38.844814
阿拉善盟,阿左旗,105.111,39.641
阿拉善盟,阿右旗,101.41,39.13
阿拉善盟,额济纳旗,101.06944,41.958813
沈阳市,沈阳,123.429096,41.796767
沈阳市,和平区,123.406664,41.788074
沈阳市,沈河区,123.445696,41.795591
沈阳市,大东区,123.469956,41.808503
沈阳市,皇姑区,123.405677,41.822336
沈阳市,铁西区,123.350664,41.787808
沈阳市,苏家屯,123.341604,41.665904
沈阳市,浑南,123.458981,41.741946
沈阳市,沈北新区,123.521471,42.052312
沈阳市,于洪区,123.310829,41.795833
沈阳市,辽中区,122.731269,41.512725
沈阳市,康平,123.352703,42.741533
沈阳市,法库,123.416722,42.507045
沈阳市,新民,122.828868,41.996508
大连市,大连,121.618622,38.91459
大连市,中山区,121.64376,38.921553
大连市,西岗区,121.616112,38.914266
大连市,沙河口,121.593702,38.912859
大连市,甘井子,121.582614,38.975148
大连市,旅顺,121.26713,38.812043
大连市,金州,121.789413,39.052745
大连市,普兰店,121.9705,39.401555
大连市,长海,122.587824,39.272399
大连市,瓦房店,122.002656,39.63065
大连市,庄河,122.970612,39.69829
鞍山市,鞍山,122.995632,41.110626
鞍山市,铁东区,122.994475,41.110344
鞍山市,铁西区,122.971834,41.11069
鞍山市,立山,123.024806,41.150622
鞍山市,千山,122.949298,41.068909
鞍山市,台安,122.429736,41.38686
鞍山市,岫岩,123.28833,40.281509
鞍山市,海城,122.752199,40.852533
抚顺市,抚顺,124.097979,41.922644
抚顺市,新抚区,123.902858,41.86082
抚顺市,东洲区,124.047219,41.866829
抚顺市,望花区,123.801509,41.851803
抚顺市,顺城区,123.917165,41.881132
抚顺市,抚顺县,123.9216,41.88704
抚顺市,新宾,125.037547,41.732456
抚顺市,清原,124.927192,42.10135
本溪市,本溪,123.770519,41.297909
本溪市,平山区,123.761231,41.291581
本溪市,溪湖,123.765226,41.330056
本溪市,明山,123.763288,41.302429
本溪市,南芬,123.748381,41.104093
本溪市,本溪县,124.17,41.18
本溪市,桓仁,125.359195,41.268997
丹东市,丹东,124.383044,40.124296
丹东市,元宝,124.397814,40.136483
丹东市,振兴,124.361153,40.102801
丹东市,振安,124.427709,40.158557
丹东市,宽甸,124.784867,40.730412
丹东市,东港,124.149437,39.883467
丹东市,凤城,124.071067,40.457567
锦州市,锦州,121.135742,41.119269
锦州市,古塔,121.130085,41.115719
锦州市,凌河,121.151304,41.114662
锦州市,太和区,121.107297,41.105378
锦州市,黑山,122.117915,41.691804
锦州市,义县,121.242831,41.537224
锦州市,凌海,121.364236,41.171738
锦州市,北镇,121.795962,41.598764
营口市,营口,122.235151,40.667432
营口市,站前区,122.253235,40.669949
营口市,西市区,122.210067,40.663086
营口市,鲅鱼圈,122.127242,40.263646
营口市,老边区,122.382584,40.682723
营口市,盖州,122.355534,40.405234
营口市,大石桥,122.505894,40.633973
阜新市,阜新,121.743125,42.058607
阜新市,海州区,121.657639,42.011162
阜新市,新邱,121.790541,42.086603
阜新市,太平,121.677575,42.011145
阜新市,清河门,121.42018,41.780477
阜新市,细河,121.654791,42.019218
阜新市,阜新县,121.763574,42.07137
阜新市,彰武,122.537444,42.384823
辽阳市,辽阳,123.18152,41.269402
辽阳市,白塔区,123.172611,41.26745
辽阳市,文圣区,123.188227,41.266765
辽阳市,宏伟区,123.200461,41.205747
辽阳市,弓长岭,123.431633,41.157831
辽阳市,太子河,123.185336,41.251682
辽阳市,辽阳县,123.079674,41.216479
辽阳市,灯塔市,123.325864,41.427836
盘锦市,盘锦,122.06957,41.124484
盘锦市,双台子,122.055733,41.190365
盘锦市,兴隆台,122.071624,41.122423
盘锦市,大洼,122.071708,40.994428
盘锦市,盘山,121.98528,41.240701
铁岭市,铁岭,123.725669,42.223316
铁岭市,银州,123.844877,42.292278
铁岭市,清河区,124.14896,42.542978
铁岭市,铁岭县,123.735372,42.229226
铁岭市,西丰,124.72332,42.738091
铁岭市,昌图,124.11017,42.784441
铁岭市,调兵山,123.545366,42.450734
铁岭市,开原,124.045551,42.542141
朝阳市,朝阳,120.451176,41.576758
朝阳市,双塔,120.44877,41.579389
朝阳市,龙城,120.413376,41.576749
朝阳市,朝阳县,120.25939,41.241076
朝阳市,建平,119.642363,41.402576
朝阳市,喀左,119.43,41.05
朝阳市,北票,120.766951,41.803286
朝阳市,凌源,119.404789,41.243086
葫芦岛市,葫芦岛,120.856394,40.755572
葫芦岛市,连山区,120.85937,40.755143
葫芦岛市,龙港,120.838569,40.709991
葫芦岛市,南票,120.752314,41.098813
葫芦岛市,绥中,120.342112,40.328407
葫芦岛市,建昌,119.807776,40.812871
葫芦岛市,兴城,120.729365,40.619413
长春市,长春,125.3245,43.886841
长春市,南关,125.337237,43.890235
长春市,宽城区,125.342828,43.903823
长春市,朝阳区,125.318042,43.86491
长春市,二道区,125.384727,43.870824
长春市,绿园区,125.272467,43.892177
长春市,双阳,125.659018,43.525168
长春市,九台,125.844682,44.157155
长春市,农安,125.175287,44.431258
长春市,榆树,126.550107,44.827642
长春市,德惠,125.703327,44.533909
吉林市,吉林,126.55302,43.843577
吉林市,昌邑区,126.570766,43.851118
吉林市,龙潭,126.561429,43.909755
吉林市,船营,126.55239,43.843804
吉林市,丰满,126.560759,43.816594
吉林市,永吉,126.501622,43.667416
吉林市,蛟河,127.342739,43.720579
吉林市,桦甸,126.745445,42.972093
吉林市,舒兰,126.947813,44.410906
吉林市,磐石,126.059929,42.942476
四平市,四平,124.370785,43.170344
四平市,铁西,124.360894,43.176263
四平市,铁东,124.388464,43.16726
四平市,梨树,124.335802,43.30831
四平市,伊通,125.303124,43.345464
四平市,公主岭,124.817588,43.509474
四平市,双辽,123.505283,43.518275
辽源市,辽源,125.145349,42.902692
辽源市,龙山区,125.145164,42.902702
辽源市,西安区,125.151424,42.920415
辽源市,东丰,125.529623,42.675228
辽源市,东辽,124.991995,42.927724
通化市,通化,125.936501,41.721177
通化市,东昌区,125.936716,41.721233
通化市,二道江,126.045987,41.777564
通化市,通化县,125.753121,41.677918
通化市,辉南,126.042821,42.683459
通化市,柳河,125.740536,42.281484
通化市,梅河口,125.687336,42.530002
通化市,集安,126.186204,41.126276
白山市,白山,126.427839,41.942505
白山市,浑江,126.428035,41.943065
白山市,江源,126.584229,42.048109
白山市,抚松,127.273796,42.332643
白山市,靖宇,126.808386,42.389689
白山市,长白,128.203384,41.419361
白山市,临江,126.919296,41.810689
松原市,松原,124.823608,45.118243
松原市,宁江,124.827851,45.176498
松原市,前郭,124.826808,45.116288
松原市,长岭,123.985184,44.276579
松原市,乾安,124.024361,45.006846
松原市,扶余,126.042758,44.986199
白城市,白城,122.841114,45.619026
白城市,洮北,122.842499,45.619253
白城市,镇赉,123.202246,45.846089
白城市,通榆,123.088543,44.80915
白城市,洮南,122.783779,45.339113
白城市,大安,124.291512,45.507648
延边朝鲜族自治州,延边,129.513228,42.904823
延边朝鲜族自治州,延吉,129.51579,42.906964
延边朝鲜族自治州,图们,129.846701,42.966621
延边朝鲜族自治州,敦化,128.22986,43.366921
延边朝鲜族自治州,珲春,130.365787,42.871057
延边朝鲜族自治州,龙井,129.425747,42.771029
延边朝鲜族自治州,和龙,129.008748,42.547004
延边朝鲜族自治州,汪清,129.766161,43.315426
延边朝鲜族自治州,安图,128.901865,43.110994
哈尔滨市,哈尔滨,126.642464,45.756967
哈尔滨市,道里区,126.612532,45.762035
哈尔滨市,南岗区,126.652098,45.755971
哈尔滨市,道外区,126.648838,45.78454
哈尔滨市,平房区,126.629257,45.605567
哈尔滨市,松北区,126.563066,45.814656
哈尔滨市,香坊区,126.667049,45.713067
哈尔滨市,呼兰,126.603302,45.98423
哈尔滨市,阿城,126.972726,45.538372
哈尔滨市,双城区,126.308784,45.377942
哈尔滨市,依兰,129.565594,46.315105
哈尔滨市,方正,128.836131,45.839536
哈尔滨市,宾县,127.48594,45.759369
哈尔滨市,巴彦,127.403602,46.081889
哈尔滨市,木兰,128.042675,45.949826
哈尔滨市,通河,128.747786,45.977618
哈尔滨市,延寿,128.331886,45.455648
哈尔滨市,尚志,127.968539,45.214953
哈尔滨市,五常,127.15759,44.919418
齐齐哈尔市,齐齐哈尔,123.95792,47.342081
齐齐哈尔市,龙沙,123.957338,47.341736
齐齐哈尔市,建华,123.955888,47.354494
齐齐哈尔市,铁锋,123.973555,47.339499
齐齐哈尔市,昂昂溪,123.813181,47.156867
齐齐哈尔市,富拉尔基,123.638873,47.20697
齐齐哈尔市,碾子山,122.887972,47.51401
齐齐哈尔市,梅里斯,123.754599,47.311113
齐齐哈尔市,龙江,123.187225,47.336388
齐齐哈尔市,依安,125.307561,47.890098
齐齐哈尔市,泰来,123.41953,46.39233
齐齐哈尔市,甘南县,123.506034,47.917838
齐齐哈尔市,富裕,124.469106,47.797172
齐齐哈尔市,克山,125.874355,48.034342
齐齐哈尔市,克东,126.249094,48.03732
齐齐哈尔市,拜泉,126.091911,47.607363
齐齐哈尔市,讷河,124.882172,48.481133
鸡西市,鸡西,130.975966,45.300046
鸡西市,鸡冠区,130.974374,45.30034
鸡西市,恒山区,130.910636,45.213242
鸡西市,滴道区,130.846823,45.348812
鸡西市,梨树区,130.697781,45.092195
鸡西市,城子河,131.010501,45.338248
鸡西市,麻山,130.481126,45.209607
鸡西市,鸡东,131.148907,45.250892
鸡西市,虎林,132.973881,45.767985
鸡西市,密山,131.874137,45.54725
鹤岗市,鹤岗,130.277487,47.332085
鹤岗市,向阳区,130.292478,47.345372
鹤岗市,工农区,130.276652,47.331678
鹤岗市,南山区,130.275533,47.31324
鹤岗市,兴安区,130.236169,47.252911
鹤岗市,东山区,130.31714,47.337385
鹤岗市,兴山区,130.30534,47.35997
鹤岗市,萝北,130.829087,47.577577
鹤岗市,绥滨,131.860526,47.289892
双鸭山市,双鸭山,131.157304,46.643442
双鸭山市,尖山区,131.15896,46.642961
双鸭山市,岭东区,131.163675,46.591076
双鸭山市,四方台,131.333181,46.594347
双鸭山市,宝山区,131.404294,46.573366
双鸭山市,集贤,131.13933,46.72898
双鸭山市,友谊,131.810622,46.775159
双鸭山市,宝清,132.206415,46.328781
双鸭山市,饶河,134.021162,46.801288
大庆市,大庆,125.11272,46.590734
大庆市,萨尔图,125.114643,46.596356
大庆市,龙凤区,125.145794,46.573948
大庆市,让胡路,124.868341,46.653254
大庆市,红岗区,124.889528,46.403049
大庆市,大同区,124.818509,46.034304
大庆市,肇州,125.273254,45.708685
大庆市,肇源,125.081974,45.518832
大庆市,林甸,124.877742,47.186411
大庆市,杜尔伯特,124.446259,46.865973
伊春市,伊春,128.899284,47.726851
伊春市,伊春区,128.913459,47.733954
伊春市,南岔区,129.28246,47.137314
伊春市,友好区,128.838961,47.854303
伊春市,西林区,129.311441,47.479437
伊春市,翠峦,128.671746,47.726228
伊春市,新青,129.52995,48.288292
伊春市,美溪,129.133411,47.636102
伊春市,金山屯,129.435944,47.41295
伊春市,五营,129.245028,48.108204
伊春市,乌马河,128.802941,47.726961
伊春市,汤旺河,129.57224,48.453651
伊春市,带岭,129.021151,47.027532
伊春市,乌伊岭,129.437847,48.59112
伊春市,红星区,129.388796,48.238368
伊春市,上甘岭,129.02508,47.974859
伊春市,嘉荫,130.397684,48.891378
伊春市,铁力,128.030561,46.985772
佳木斯市,佳木斯,130.361634,46.809606
佳木斯市,向阳区,130.361786,46.809645
佳木斯市,前进区,130.377684,46.812345
佳木斯市,东风区,130.403297,46.822476
佳木斯市,郊区,130.351588,46.80712
佳木斯市,桦南,130.570112,46.240118
佳木斯市,桦川,130.723713,47.023039
佳木斯市,汤原,129.904463,46.730048
佳木斯市,同江,132.510119,47.651131
佳木斯市,富锦,132.037951,47.250747
佳木斯市,抚远,134.294501,48.364707
七台河市,七台河,131.015584,45.771266
七台河市,新兴区,130.889482,45.794258
七台河市,桃山区,131.015848,45.771217
七台河市,茄子河,131.071561,45.776587
七台河市,勃利,130.575025,45.751573
牡丹江市,牡丹江,129.618602,44.582962
牡丹江市,东安区,129.623292,44.582399
牡丹江市,阳明,129.634645,44.596328
牡丹江市,爱民,129.601232,44.595443
牡丹江市,西安区,129.61311,44.581032
牡丹江市,林口,130.268402,45.286645
牡丹江市,绥芬河,131.164856,44.396864
牡丹江市,海林,129.387902,44.574149
牡丹江市,宁安,129.470019,44.346836
牡丹江市,穆棱,130.527085,44.91967
牡丹江市,东宁,131.125296,44.063578
黑河市,黑河,127.499023,50.249585
黑河市,爱辉,127.497639,50.249027
黑河市,嫩江,125.229904,49.177461
黑河市,逊克,128.476152,49.582974
黑河市,孙吴,127.327315,49.423941
黑河市,北安,126.508737,48.245437
黑河市,五大连池,126.197694,48.512688
绥化市,绥化,126.99293,46.637393
绥化市,北林,126.990665,46.634912
绥化市,望奎,126.484191,46.83352
绥化市,兰西,126.289315,46.259037
绥化市,青冈,126.112268,46.686596
绥化市,庆安,127.510024,46.879203
绥化市,明水,125.907544,47.183527
绥化市,绥棱,127.111121,47.247195
绥化市,安达,125.329926,46.410614
绥化市,肇东,125.991402,46.069471
绥化市,海伦,126.969383,47.460428
大兴安岭地区,大兴安岭,124.711526,52.335262
大兴安岭地区,漠河,122.536256,52.972074
大兴安岭地区,呼玛,126.662105,51.726998
大兴安岭地区,塔河,124.710516,52.335229
大兴安岭地区,大兴安岭地区直辖,122.536256,52.972074
上海市,上海,121.472644,31.231706
上海市,黄浦,121.490317,31.222771
上海市,徐汇,121.43752,31.179973
上海市,长宁区,121.4222,31.218123
上海市,静安,121.448224,31.229003
上海市,普陀区,121.392499,31.241701
上海市,虹口,121.491832,31.26097
上海市,杨浦,121.522797,31.270755
上海市,闵行,121.375972,31.111658
上海市,宝山,121.489934,31.398896
上海市,嘉定,121.250333,31.383524
上海市,浦东新区,121.567706,31.245944
上海市,金山,121.330736,30.724697
上海市,松江,121.223543,31.03047
上海市,青浦,121.113021,31.151209
上海市,奉贤,121.458472,30.912345
上海市,崇明,121.397516,31.626946
南京市,南京,118.767413,32.041544
南京市,玄武,118.792199,32.050678
南京市,秦淮,118.786088,32.033818
南京市,建邺,118.732688,32.004538
南京市,鼓楼,118.769739,32.066966
南京市,浦口,118.625307,32.05839
南京市,栖霞区,118.808702,32.102147
南京市,雨花台,118.77207,31.995946
南京市,江宁,118.850621,31.953418
南京市,六合,118.85065,32.340655
南京市,溧水,119.028732,31.653061
南京市,高淳,118.87589,31.327132
无锡市,无锡,120.301663,31.574729
无锡市,锡山,120.357298,31.585559
无锡市,惠山,120.303543,31.681019
无锡市,滨湖,120.266053,31.550228
无锡市,梁溪,120.296595,31.575706
无锡市,新吴,120.352782,31.550966
无锡市,江阴,120.275891,31.910984
无锡市,宜兴,119.820538,31.364384
徐州市,徐州,117.184811,34.261792
徐州市,鼓楼区,117.192941,34.269397
徐州市,云龙区,117.194589,34.254805
徐州市,贾汪,117.450212,34.441642
徐州市,泉山,117.182225,34.262249
徐州市,铜山,117.183894,34.19288
徐州市,丰县,116.592888,34.696946
徐州市,沛县,116.937182,34.729044
徐州市,睢宁,117.95066,33.899222
徐州市,新沂,118.345828,34.368779
徐州市,邳州,117.963923,34.314708
常州市,常州,119.946973,31.772752
常州市,天宁,119.963783,31.779632
常州市,钟楼,119.948388,31.78096
常州市,新北区,119.974654,31.824664
常州市,武进,119.958773,31.718566
常州市,金坛,119.573395,31.744399
常州市,溧阳,119.487816,31.427081
苏州市,苏州,120.619585,31.299379
苏州市,虎丘,120.566833,31.294845
苏州市,吴中,120.624621,31.270839
苏州市,相城,120.618956,31.396684
苏州市,姑苏,120.622249,31.311414
苏州市,吴江,120.641601,31.160404
苏州市,苏州工业园区,120.72989,31.33044
苏州市,常熟,120.74852,31.658156
苏州市,张家港,120.543441,31.865553
苏州市,昆山,120.958137,31.381925
苏州市,太仓,121.112275,31.452568
南通市,南通,120.864608,32.016212
南通市,崇川,120.86635,32.015278
南通市,港闸,120.8339,32.040299
南通市,通州区,121.073171,32.084287
南通市,如东,121.186088,32.311832
南通市,启东,121.659724,31.810158
南通市,如皋,120.566324,32.391591
南通市,海门,121.176609,31.893528
南通市,海安,120.465995,32.540289
连云港市,连云港,119.178821,34.600018
连云港市,连云,119.347378,34.763261
连云港市,海州,119.179793,34.601584
连云港市,赣榆,119.128774,34.839154
连云港市,东海,118.766489,34.522859
连云港市,灌云,119.255741,34.298436
连云港市,灌南,119.352331,34.092553
淮安市,淮安,119.021265,33.597506
淮安市,淮安区,119.14634,33.507499
淮安市,淮阴,119.020817,33.622452
淮安市,清江浦,119.0297127,33.55272593
淮安市,洪泽,118.867875,33.294975
淮安市,涟水,119.266078,33.771308
淮安市,盱眙,118.493823,33.00439
淮安市,金湖,119.016936,33.018162
盐城市,盐城,120.139998,33.377631
盐城市,亭湖,120.136078,33.383912
盐城市,盐都,120.139753,33.341288
盐城市,大丰,120.470324,33.199531
盐城市,响水,119.579573,34.19996
盐城市,滨海,119.828434,33.989888
盐城市,阜宁,119.805338,33.78573
盐城市,射阳,120.257444,33.773779
盐城市,建湖,119.793105,33.472621
盐城市,东台,120.314101,32.853174
扬州市,扬州,119.421003,32.393159
扬州市,广陵,119.442267,32.392154
扬州市,邗江,119.397777,32.377899
扬州市,江都,119.567481,32.426564
扬州市,宝应,119.321284,33.23694
扬州市,仪征,119.182443,32.271965
扬州市,高邮,119.443842,32.785164
镇江市,镇江,119.452753,32.204402
镇江市,京口,119.454571,32.206191
镇江市,润州,119.414877,32.213501
镇江市,丹徒,119.433883,32.128972
镇江市,丹阳,119.581911,31.991459
镇江市,扬中,119.828054,32.237266
镇江市,句容,119.167135,31.947355
泰州市,泰州,119.915176,32.484882
泰州市,海陵,119.920187,32.488406
泰州市,高港,119.88166,32.315701
泰州市,姜堰,120.148208,32.508483
泰州市,兴化,119.840162,32.938065
泰州市,靖江,120.26825,32.018168
泰州市,泰兴,120.020228,32.168784
宿迁市,宿迁,118.275162,33.963008
宿迁市,宿城,118.278984,33.937726
宿迁市,宿豫,118.330012,33.941071
宿迁市,沭阳,118.775889,34.129097
宿迁市,泗阳,118.681284,33.711433
宿迁市,泗洪,118.211824,33.456538
杭州市,杭州,120.153576,30.287459
杭州市,上城区,120.171465,30.250236
杭州市,下城区,120.172763,30.276271
杭州市,江干,120.202633,30.266603
杭州市,拱墅,120.150053,30.314697
杭州市,西湖,120.147376,30.272934
杭州市,滨江,120.21062,30.206615
杭州市,萧山,120.27069,30.162932
杭州市,余杭,120.301737,30.421187
杭州市,富阳,119.949869,30.049871
杭州市,临安,119.715101,30.231153
杭州市,桐庐,119.685045,29.797437
杭州市,淳安,119.044276,29.604177
杭州市,建德,119.279089,29.472284
宁波市,宁波,121.549792,29.868388
宁波市,海曙,121.539698,29.874452
宁波市,江北区,121.559282,29.888361
宁波市,北仑,121.831303,29.90944
宁波市,镇海,121.713162,29.952107
宁波市,鄞州,121.558436,29.831662
宁波市,奉化,121.41089,29.662348
宁波市,象山,121.877091,29.470206
宁波市,宁海,121.432606,29.299836
宁波市,余姚,121.156294,30.045404
宁波市,慈溪,121.248052,30.177142
温州市,温州,120.672111,28.000575
温州市,鹿城,120.674231,28.003352
温州市,龙湾,120.763469,27.970254
温州市,瓯海,120.637145,28.006444
温州市,洞头,121.156181,27.836057
温州市,永嘉,120.690968,28.153886
温州市,平阳,120.564387,27.6693
温州市,苍南,120.406256,27.507743
温州市,文成,120.09245,27.789133
温州市,泰顺,119.71624,27.557309
温州市,瑞安,120.646171,27.779321
温州市,乐清,120.967147,28.116083
嘉兴市,嘉兴,120.750865,30.762653
嘉兴市,南湖,120.749953,30.764652
嘉兴市,秀洲,120.720431,30.763323
嘉兴市,嘉善,120.921871,30.841352
嘉兴市,海盐,120.942017,30.522223
嘉兴市,海宁,120.688821,30.525544
嘉兴市,平湖,121.014666,30.698921
嘉兴市,桐乡,120.551085,30.629065
湖州市,湖州,120.102398,30.867198
湖州市,吴兴,120.101416,30.867252
湖州市,南浔,120.417195,30.872742
湖州市,德清,119.967662,30.534927
湖州市,长兴,119.910122,31.00475
湖州市,安吉,119.687891,30.631974
绍兴市,绍兴,120.582112,29.997117
绍兴市,越城,120.585315,29.996993
绍兴市,柯桥,120.476075,30.078038
绍兴市,上虞,120.874185,30.016769
绍兴市,新昌,120.905665,29.501205
绍兴市,诸暨,120.244326,29.713662
绍兴市,嵊州,120.82888,29.586606
金华市,金华,119.649506,29.089524
金华市,婺城,119.652579,29.082607
金华市,金东,119.681264,29.095835
金华市,武义,119.819159,28.896563
金华市,浦江,119.893363,29.451254
金华市,磐安,120.44513,29.052627
金华市,兰溪,119.460521,29.210065
金华市,义乌,120.074911,29.306863
金华市,东阳,120.23334,29.262546
金华市,永康,120.036328,28.895293
衢州市,衢州,118.87263,28.941708
衢州市,柯城,118.873041,28.944539
衢州市,衢江,118.957683,28.973195
衢州市,常山,118.521654,28.900039
衢州市,开化,118.414435,29.136503
衢州市,龙游,119.172525,29.031364
衢州市,江山,118.627879,28.734674
舟山市,舟山,122.106863,30.016028
舟山市,定海,122.108496,30.016423
舟山市,普陀,122.301953,29.945614
舟山市,岱山,122.201132,30.242865
舟山市,嵊泗,122.457809,30.727166
台州市,台州,121.428599,28.661378
台州市,椒江,121.431049,28.67615
台州市,黄岩,121.262138,28.64488
台州市,路桥,121.37292,28.581799
台州市,三门,121.376429,29.118955
台州市,天台,121.031227,29.141126
台州市,仙居,120.735074,28.849213
台州市,温岭,121.373611,28.368781
台州市,临海,121.131229,28.845441
台州市,玉环,121.232337,28.12842
丽水市,丽水,119.921786,28.451993
丽水市,莲都,119.922293,28.451103
丽水市,青田,120.291939,28.135247
丽水市,缙云,120.078965,28.654208
丽水市,遂昌,119.27589,28.5924
丽水市,松阳,119.485292,28.449937
丽水市,云和,119.569458,28.111077
丽水市,庆元,119.067233,27.618231
丽水市,景宁,119.634669,27.977247
丽水市,龙泉,119.132319,28.069177
合肥市,合肥,117.283042,31.86119
合肥市,瑶海,117.315358,31.86961
合肥市,庐阳,117.283776,31.869011
合肥市,蜀山,117.262072,31.855868
合肥市,包河,117.285751,31.82956
合肥市,长丰,117.164699,32.478548
合肥市,肥东,117.463222,31.883992
合肥市,肥西,117.166118,31.719646
合肥市,庐江,117.289844,31.251488
合肥市,巢湖,117.874155,31.600518
芜湖市,芜湖,118.376451,31.326319
芜湖市,镜湖,118.376343,31.32559
芜湖市,弋江,118.377476,31.313394
芜湖市,鸠江,118.400174,31.362716
芜湖市,三山,118.233987,31.225423
芜湖市,芜湖县,118.572301,31.145262
芜湖市,繁昌,118.201349,31.080896
芜湖市,南陵,118.337104,30.919638
芜湖市,无为,117.911432,31.303075
蚌埠市,蚌埠,117.363228,32.939667
蚌埠市,龙子湖,117.382312,32.950452
蚌埠市,蚌山,117.355789,32.938066
蚌埠市,禹会,117.35259,32.931933
蚌埠市,淮上,117.34709,32.963147
蚌埠市,怀远,117.200171,32.956934
蚌埠市,五河,117.888809,33.146202
蚌埠市,固镇,117.315962,33.318679
淮南市,淮南,117.018329,32.647574
淮南市,大通区,117.052927,32.632066
淮南市,田家庵,117.018318,32.644342
淮南市,谢家集,116.865354,32.598289
淮南市,八公山,116.841111,32.628229
淮南市,潘集,116.816879,32.782117
淮南市,凤台,116.722769,32.705382
淮南市,寿县,116.785349,32.577304
马鞍山市,马鞍山,118.507906,31.689362
马鞍山市,花山,118.511308,31.69902
马鞍山市,雨山,118.493104,31.685912
马鞍山市,博望,118.843742,31.562321
马鞍山市,当涂,118.489873,31.556167
马鞍山市,含山,118.105545,31.727758
马鞍山市,和县,118.362998,31.716634
淮北市,淮北,116.794664,33.971707
淮北市,杜集,116.833925,33.991218
淮北市,相山,116.790775,33.970916
淮北市,烈山,116.809465,33.889529
淮北市,濉溪,116.767435,33.916407
铜陵市,铜陵,117.816576,30.929935
铜陵市,铜官,117.818427,30.93182
铜陵市,义安,117.792288,30.952338
铜陵市,郊区,117.80707,30.908927
铜陵市,枞阳,117.222027,30.700615
安庆市,安庆,117.043551,30.50883
安庆市,迎江,117.044965,30.506375
安庆市,大观,117.034512,30.505632
安庆市,宜秀,117.070003,30.541323
安庆市,怀宁,116.828664,30.734994
安庆市,太湖,116.305225,30.451869
安庆市,宿松,116.120204,30.158327
安庆市,望江,116.690927,30.12491
安庆市,岳西,116.360482,30.848502
安庆市,桐城,116.959656,31.050576
安庆市,潜山,116.573666,30.638222
黄山市,黄山,118.317325,29.709239
黄山市,屯溪,118.317354,29.709186
黄山市,黄山区,118.136639,30.294517
黄山市,徽州,118.339743,29.825201
黄山市,歙县,118.428025,29.867748
黄山市,休宁,118.188531,29.788878
黄山市,黟县,117.942911,29.923812
黄山市,祁门,117.717237,29.853472
滁州市,滁州,118.316264,32.303627
滁州市,琅琊,118.316475,32.303797
滁州市,南谯,118.296955,32.329841
滁州市,来安,118.433293,32.450231
滁州市,全椒,118.268576,32.09385
滁州市,定远,117.683713,32.527105
滁州市,凤阳,117.562461,32.867146
滁州市,天长,119.011212,32.6815
滁州市,明光,117.998048,32.781206
阜阳市,阜阳,115.819729,32.896969
阜阳市,颍州,115.813914,32.891238
阜阳市,颍东,115.858747,32.908861
阜阳市,颍泉,115.804525,32.924797
阜阳市,临泉,115.261688,33.062698
阜阳市,太和,115.627243,33.16229
阜阳市,阜南,115.590534,32.638102
阜阳市,颍上,116.259122,32.637065
阜阳市,界首,115.362117,33.26153
宿州市,宿州,116.984084,33.633891
宿州市,埇桥,116.983309,33.633853
宿州市,砀山,116.351113,34.426247
宿州市,萧县,116.945399,34.183266
宿州市,灵璧,117.551493,33.540629
宿州市,泗县,117.885443,33.47758
六安市,六安,116.507676,31.752889
六安市,金安,116.503288,31.754491
六安市,裕安,116.494543,31.750692
六安市,叶集,115.913594,31.84768
六安市,霍邱,116.278875,32.341305
六安市,舒城,116.944088,31.462848
六安市,金寨,115.878514,31.681624
六安市,霍山,116.333078,31.402456
亳州市,亳州,115.782939,33.869338
亳州市,谯城,115.781214,33.869284
亳州市,涡阳,116.211551,33.502831
亳州市,蒙城,116.560337,33.260814
亳州市,利辛,116.207782,33.143503
池州市,池州,117.489157,30.656037
池州市,贵池,117.488342,30.657378
池州市,东至,117.021476,30.096568
池州市,石台,117.482907,30.210324
池州市,青阳,117.857395,30.63818
宣城市,宣城,118.757995,30.945667
宣城市,宣州,118.758412,30.946003
宣城市,郎溪,119.185024,31.127834
宣城市,广德,119.417521,30.893116
宣城市,泾县,118.412397,30.685975
宣城市,绩溪,118.594705,30.065267
宣城市,旌德,118.543081,30.288057
宣城市,宁国,118.983407,30.626529
福州市,福州,119.306239,26.075302
福州市,鼓楼区,119.29929,26.082284
福州市,台江区,119.310156,26.058616
福州市,仓山,119.320988,26.038912
福州市,马尾,119.458725,25.991975
福州市,晋安,119.328597,26.078837
福州市,长乐,119.510849,25.960583
福州市,闽侯,119.145117,26.148567
福州市,连江,119.538365,26.202109
福州市,罗源,119.552645,26.487234
福州市,闽清,118.868416,26.223793
福州市,永泰,118.939089,25.864825
福州市,平潭,119.791197,25.503672
福州市,福清,119.376992,25.720402
厦门市,厦门,118.11022,24.490474
厦门市,思明,118.087828,24.462059
厦门市,海沧,118.036364,24.492512
厦门市,湖里,118.10943,24.512764
厦门市,集美,118.100869,24.572874
厦门市,同安,118.150455,24.729333
厦门市,翔安,118.242811,24.637479
莆田市,莆田,119.007558,25.431011
莆田市,城厢,119.001028,25.433737
莆田市,涵江,119.119102,25.459273
莆田市,荔城,119.020047,25.430047
莆田市,秀屿,119.092607,25.316141
莆田市,仙游,118.694331,25.356529
三明市,三明,117.635001,26.265444
三明市,梅列,117.63687,26.269208
三明市,三元,117.607418,26.234191
三明市,明溪,117.201845,26.357375
三明市,清流,116.815821,26.17761
三明市,宁化,116.659725,26.259932
三明市,大田,117.849355,25.690803
三明市,尤溪,118.188577,26.169261
三明市,沙县,117.789095,26.397361
三明市,将乐,117.473558,26.728667
三明市,泰宁,117.177522,26.897995
三明市,建宁,116.845832,26.831398
三明市,永安,117.364447,25.974075
泉州市,泉州,118.589421,24.908853
泉州市,鲤城,118.588929,24.907645
泉州市,丰泽,118.605147,24.896041
泉州市,洛江,118.670312,24.941153
泉州市,泉港,118.912285,25.126859
泉州市,惠安,118.798954,25.028718
泉州市,安溪,118.186014,25.056824
泉州市,永春,118.29503,25.320721
泉州市,德化,118.242986,25.489004
泉州市,金门,118.323221,24.436417
泉州市,石狮,118.628402,24.731978
泉州市,晋江,118.577338,24.807322
泉州市,南安,118.387031,24.959494
漳州市,漳州,117.661801,24.510897
漳州市,芗城,117.656461,24.509955
漳州市,龙文,117.671387,24.515656
漳州市,云霄,117.340946,23.950486
漳州市,漳浦,117.614023,24.117907
漳州市,诏安,117.176083,23.710834
漳州市,长泰,117.755913,24.621475
漳州市,东山,117.427679,23.702845
漳州市,南靖,117.365462,24.516425
漳州市,平和,117.313549,24.366158
漳州市,华安,117.53631,25.001416
漳州市,龙海,117.817292,24.445341
南平市,南平,118.178459,26.635627
南平市,延平,118.178918,26.636079
南平市,建阳,118.12267,27.332067
南平市,顺昌,117.80771,26.792851
南平市,浦城,118.536822,27.920412
南平市,光泽,117.337897,27.542803
南平市,松溪,118.783491,27.525785
南平市,政和,118.858661,27.365398
南平市,邵武,117.491544,27.337952
南平市,武夷山,118.032796,27.751733
南平市,建瓯,118.321765,27.03502
龙岩市,龙岩,117.02978,25.091603
龙岩市,新罗,117.030721,25.0918
龙岩市,永定区,116.732691,24.720442
龙岩市,长汀,116.361007,25.842278
龙岩市,上杭,116.424774,25.050019
龙岩市,武平,116.100928,25.08865
龙岩市,连城,116.756687,25.708506
龙岩市,漳平,117.42073,25.291597
宁德市,宁德,119.527082,26.65924
宁德市,蕉城,119.527225,26.659253
宁德市,霞浦,120.005214,26.882068
宁德市,古田,118.743156,26.577491
宁德市,屏南,118.987544,26.910826
宁德市,寿宁,119.506733,27.457798
宁德市,周宁,119.338239,27.103106
宁德市,柘荣,119.898226,27.236163
宁德市,福安,119.650798,27.084246
宁德市,福鼎,120.219761,27.318884
南昌市,南昌,115.892151,28.676493
南昌市,东湖区,115.889675,28.682988
南昌市,西湖区,115.91065,28.662901
南昌市,青云谱,115.907292,28.635724
南昌市,湾里,115.731324,28.714803
南昌市,青山湖,115.949044,28.689292
南昌市,新建区,115.820806,28.690788
南昌市,南昌县,115.942465,28.543781
南昌市,安义,115.553109,28.841334
南昌市,进贤,116.267671,28.365681
景德镇市,景德镇,117.214664,29.29256
景德镇市,昌江区,117.195023,29.288465
景德镇市,珠山,117.214814,29.292812
景德镇市,浮梁,117.217611,29.352251
景德镇市,乐平,117.129376,28.967361
萍乡市,萍乡,113.852186,27.622946
萍乡市,安源,113.855044,27.625826
萍乡市,湘东,113.7456,27.639319
萍乡市,莲花,113.955582,27.127807
萍乡市,上栗,113.800525,27.877041
萍乡市,芦溪,114.041206,27.633633
九江市,九江,115.992811,29.712034
九江市,濂溪,116.043743,29.456169
九江市,浔阳,115.995947,29.72465
九江市,柴桑,115.919706,29.616312
九江市,武宁,115.105646,29.260182
九江市,修水,114.573428,29.032729
九江市,永修,115.809055,29.018212
九江市,德安,115.762611,29.327474
九江市,都昌,116.205114,29.275105
九江市,湖口,116.244313,29.7263
九江市,彭泽,116.55584,29.898865
九江市,瑞昌,115.669081,29.676599
九江市,共青城,115.805712,29.247884
九江市,庐山,116.047974,29.455041
新余市,新余,114.930835,27.810834
新余市,渝水,114.923923,27.819171
新余市,分宜,114.675262,27.811301
鹰潭市,鹰潭,117.033838,28.238638
鹰潭市,月湖,117.034112,28.239076
鹰潭市,余江,116.822763,28.206177
鹰潭市,贵溪,117.212103,28.283693
赣州市,赣州,114.940278,25.85097
赣州市,章贡,114.93872,25.851367
赣州市,南康,114.756933,25.661721
赣州市,赣县,115.018461,25.865432
赣州市,信丰,114.930893,25.38023
赣州市,大余,114.362243,25.395937
赣州市,上犹,114.540537,25.794284
赣州市,崇义,114.307348,25.687911
赣州市,安远,115.392328,25.134591
赣州市,龙南,114.792657,24.90476
赣州市,定南,115.03267,24.774277
赣州市,全南,114.531589,24.742651
赣州市,宁都,116.018782,26.472054
赣州市,于都,115.411198,25.955033
赣州市,兴国,115.351896,26.330489
赣州市,会昌,115.791158,25.599125
赣州市,寻乌,115.651399,24.954136
赣州市,石城,116.342249,26.326582
赣州市,瑞金,116.034854,25.875278
吉安市,吉安,114.986373,27.111699
吉安市,吉州,114.987331,27.112367
吉安市,青原,115.016306,27.105879
吉安市,吉安县,114.905117,27.040042
吉安市,吉水,115.134569,27.213445
吉安市,峡江,115.319331,27.580862
吉安市,新干,115.399294,27.755758
吉安市,永丰,115.435559,27.321087
吉安市,泰和,114.901393,26.790164
吉安市,遂川,114.51689,26.323705
吉安市,万安,114.784694,26.462085
吉安市,安福,114.61384,27.382746
吉安市,永新,114.242534,26.944721
吉安市,井冈山,114.284421,26.745919
宜春市,宜春,114.391136,27.8043
宜春市,袁州,114.387379,27.800117
宜春市,奉新,115.389899,28.700672
宜春市,万载,114.449012,28.104528
宜春市,上高,114.932653,28.234789
宜春市,宜丰,114.787381,28.388289
宜春市,靖安,115.361744,28.86054
宜春市,铜鼓,114.37014,28.520956
宜春市,丰城,115.786005,28.191584
宜春市,樟树,115.543388,28.055898
宜春市,高安,115.381527,28.420951
抚州市,抚州,116.358351,27.98385
抚州市,临川,116.361404,27.981919
抚州市,东乡区,116.605341,28.2325
抚州市,南城,116.63945,27.55531
抚州市,黎川,116.91457,27.292561
抚州市,南丰,116.532994,27.210132
抚州市,崇仁,116.059109,27.760907
抚州市,乐安,115.838432,27.420101
抚州市,宜黄,116.223023,27.546512
抚州市,金溪,116.778751,27.907387
抚州市,资溪,117.066095,27.70653
抚州市,广昌,116.327291,26.838426
上饶市,上饶,117.971185,28.44442
上饶市,信州,117.970522,28.445378
上饶市,广丰,118.189852,28.440285
上饶市,上饶县,117.90612,28.453897
上饶市,玉山,118.244408,28.673479
上饶市,铅山,117.711906,28.310892
上饶市,横峰,117.608247,28.415103
上饶市,弋阳,117.435002,28.402391
上饶市,余干,116.691072,28.69173
上饶市,鄱阳,116.673748,28.993374
上饶市,万年,117.07015,28.692589
上饶市,婺源,117.86219,29.254015
上饶市,德兴,117.578732,28.945034
济南市,济南,117.000923,36.675807
济南市,历下,117.03862,36.664169
济南市,市中,116.99898,36.657354
济南市,槐荫,116.947921,36.668205
济南市,天桥,116.996086,36.693374
济南市,历城,117.063744,36.681744
济南市,长清,116.74588,36.561049
济南市,章丘,117.54069,36.71209
济南市,济阳,117.176035,36.976772
济南市,莱芜,117.6666,36.20884
济南市,钢城,117.817496,36.06472
济南市,平阴,116.455054,36.286923
济南市,商河,117.156369,37.310544
青岛市,青岛,120.355173,36.082982
青岛市,市南区,120.395966,36.070892
青岛市,市北区,120.355026,36.083819
青岛市,黄岛,119.995518,35.875138
青岛市,崂山,120.467393,36.102569
青岛市,李沧,120.421236,36.160023
青岛市,城阳,120.389135,36.306833
青岛市,即墨,120.447352,36.390847
青岛市,胶州,120.006202,36.285878
青岛市,平度,119.959012,36.788828
青岛市,莱西,120.526226,36.86509
淄博市,淄博,118.047648,36.814939
淄博市,淄川,117.967696,36.647272
淄博市,张店,118.053521,36.807049
淄博市,博山,117.85823,36.497567
淄博市,临淄,118.306018,36.816657
淄博市,周村,117.851036,36.803699
淄博市,桓台,118.101556,36.959773
淄博市,高青,117.829839,37.169581
淄博市,沂源,118.166161,36.186282
枣庄市,枣庄,117.557964,34.856424
枣庄市,市中区,117.557281,34.856651
枣庄市,薛城,117.265293,34.79789
枣庄市,峄城,117.586316,34.767713
枣庄市,台儿庄,117.734747,34.564815
枣庄市,山亭,117.458968,35.096077
枣庄市,滕州,117.162098,35.088498
东营市,东营,118.507543,37.461567
东营市,东营区,118.58846,37.45485
东营市,河口区,118.529613,37.886015
东营市,垦利,118.551314,37.588679
东营市,利津,118.248854,37.493365
东营市,广饶,118.407522,37.05161
烟台市,烟台,121.391382,37.539297
烟台市,芝罘,121.385877,37.540925
烟台市,福山,121.264741,37.496875
烟台市,牟平,121.60151,37.388356
烟台市,莱山,121.448866,37.473549
烟台市,长岛,120.738345,37.916194
烟台市,龙口,120.528328,37.648446
烟台市,莱阳,120.711151,36.977037
烟台市,莱州,119.942135,37.182725
烟台市,蓬莱,120.762689,37.811168
烟台市,招远,120.403142,37.364919
烟台市,栖霞,120.834097,37.305854
烟台市,海阳,121.168392,36.780657
潍坊市,潍坊,119.107078,36.70925
潍坊市,潍城,119.103784,36.710062
潍坊市,寒亭,119.207866,36.772103
潍坊市,坊子,119.166326,36.654616
潍坊市,奎文,119.137357,36.709494
潍坊市,临朐,118.539876,36.516371
潍坊市,昌乐,118.839995,36.703253
潍坊市,青州,118.484693,36.697855
潍坊市,诸城,119.403182,35.997093
潍坊市,寿光,118.736451,36.874411
潍坊市,安丘,119.206886,36.427417
潍坊市,高密,119.757033,36.37754
潍坊市,昌邑,119.394502,36.854937
济宁市,济宁,116.587245,35.415393
济宁市,任城,116.595261,35.414828
济宁市,兖州,116.828996,35.556445
济宁市,微山,117.12861,34.809525
济宁市,鱼台,116.650023,34.997706
济宁市,金乡,116.310364,35.06977
济宁市,嘉祥,116.342885,35.398098
济宁市,汶上,116.487146,35.721746
济宁市,泗水,117.273605,35.653216
济宁市,梁山,116.08963,35.801843
济宁市,曲阜,116.991885,35.592788
济宁市,邹城,116.96673,35.405259
泰安市,泰安,117.129063,36.194968
泰安市,泰山,117.129984,36.189313
泰安市,岱岳,117.04353,36.1841
泰安市,宁阳,116.799297,35.76754
泰安市,东平,116.461052,35.930467
泰安市,新泰,117.766092,35.910387
泰安市,肥城,116.763703,36.1856
威海市,威海,122.116394,37.509691
威海市,环翠,122.116189,37.510754
威海市,文登,122.057139,37.196211
威海市,荣成,122.422896,37.160134
威海市,乳山,121.536346,36.919622
日照市,日照,119.461208,35.428588
日照市,东港区,119.457703,35.426152
日照市,岚山,119.315844,35.119794
日照市,五莲,119.206745,35.751936
日照市,莒县,118.832859,35.588115
临沂市,临沂,118.326443,35.065282
临沂市,兰山,118.327667,35.061631
临沂市,罗庄,118.284795,34.997204
临沂市,河东区,118.398296,35.085004
临沂市,沂南,118.455395,35.547002
临沂市,郯城,118.342963,34.614741
临沂市,沂水,118.634543,35.787029
临沂市,兰陵,118.049968,34.855573
临沂市,费县,117.968869,35.269174
临沂市,平邑,117.631884,35.511519
临沂市,莒南,118.838322,35.175911
临沂市,蒙阴,117.943271,35.712435
临沂市,临沭,118.648379,34.917062
德州市,德州,116.307428,37.453968
德州市,德城,116.307076,37.453923
德州市,陵城,116.574929,37.332848
德州市,宁津,116.79372,37.649619
德州市,庆云,117.390507,37.777724
德州市,临邑,116.867028,37.192044
德州市,齐河,116.758394,36.795497
德州市,平原,116.433904,37.164465
德州市,夏津,116.003816,36.950501
德州市,武城,116.078627,37.209527
德州市,乐陵,117.216657,37.729115
德州市,禹城,116.642554,36.934485
聊城市,聊城,115.980367,36.456013
聊城市,东昌府,115.980023,36.45606
聊城市,阳谷,115.784287,36.113708
聊城市,莘县,115.667291,36.237597
聊城市,茌平,116.25335,36.591934
聊城市,东阿,116.248855,36.336004
聊城市,冠县,115.444808,36.483753
聊城市,高唐,116.229662,36.859755
聊城市,临清,115.713462,36.842598
滨州市,滨州,118.016974,37.383542
滨州市,滨城,118.020149,37.384842
滨州市,沾化,118.129902,37.698456
滨州市,惠民,117.508941,37.483876
滨州市,阳信,117.581326,37.640492
滨州市,无棣,117.616325,37.740848
滨州市,博兴,118.123096,37.147002
滨州市,邹平,117.736807,36.87803
菏泽市,菏泽,115.469381,35.246531
菏泽市,牡丹,115.470946,35.24311
菏泽市,定陶,115.569601,35.072701
菏泽市,曹县,115.549482,34.823253
菏泽市,单县,116.08262,34.790851
菏泽市,成武,115.897349,34.947366
菏泽市,巨野,116.089341,35.390999
菏泽市,郓城,115.93885,35.594773
菏泽市,鄄城,115.51434,35.560257
菏泽市,东明,115.098412,35.289637
郑州市,郑州,113.665412,34.757975
郑州市,中原,113.611576,34.748286
郑州市,二七区,113.645422,34.730936
郑州市,管城,113.685313,34.746453
郑州市,金水,113.686037,34.775838
郑州市,上街,113.298282,34.808689
郑州市,惠济,113.61836,34.828591
郑州市,中牟,114.022521,34.721976
郑州市,巩义,112.98283,34.75218
郑州市,荥阳,113.391523,34.789077
郑州市,新密,113.380616,34.537846
郑州市,新郑,113.73967,34.394219
郑州市,登封,113.037768,34.459939
开封市,开封,114.341447,34.797049
开封市,龙亭,114.353348,34.799833
开封市,顺河,114.364875,34.800459
开封市,鼓楼区,114.3485,34.792383
开封市,禹王台,114.350246,34.779727
开封市,祥符,114.437622,34.756476
开封市,杞县,114.770472,34.554585
开封市,通许,114.467734,34.477302
开封市,尉氏,114.193927,34.412256
开封市,兰考,114.820572,34.829899
洛阳市,洛阳,112.434468,34.663041
洛阳市,老城区,112.477298,34.682945
洛阳市,西工,112.443232,34.667847
洛阳市,瀍河,112.491625,34.684738
洛阳市,涧西,112.399243,34.654251
洛阳市,吉利,112.584796,34.899093
洛阳市,洛龙,112.456634,34.618557
洛阳市,孟津,112.443892,34.826485
洛阳市,新安,112.141403,34.728679
洛阳市,栾川,111.618386,33.783195
洛阳市,嵩县,112.087765,34.131563
洛阳市,汝阳,112.473789,34.15323
洛阳市,宜阳,112.179989,34.516478
洛阳市,洛宁,111.655399,34.387179
洛阳市,伊川,112.429384,34.423416
洛阳市,偃师,112.787739,34.723042
平顶山市,平顶山,113.307718,33.735241
平顶山市,新华区,113.299061,33.737579
平顶山市,卫东,113.310327,33.739285
平顶山市,石龙,112.889885,33.901538
平顶山市,湛河,113.320873,33.725681
平顶山市,宝丰,113.066812,33.866359
平顶山市,叶县,113.358298,33.621252
平顶山市,鲁山,112.906703,33.740325
平顶山市,郏县,113.220451,33.971993
平顶山市,舞钢,113.52625,33.302082
平顶山市,汝州,112.845336,34.167408
安阳市,安阳,114.352482,36.103442
安阳市,文峰,114.352562,36.098101
安阳市,北关,114.352646,36.10978
安阳市,殷都,114.300098,36.108974
安阳市,龙安,114.323522,36.095568
安阳市,安阳县,114.23838,36.218907
安阳市,汤阴,114.362357,35.922349
安阳市,滑县,114.524,35.574628
安阳市,内黄,114.904582,35.953702
安阳市,林州,113.823767,36.063403
鹤壁市,鹤壁,114.295444,35.748236
鹤壁市,鹤山区,114.166551,35.936128
鹤壁市,山城,114.184202,35.896058
鹤壁市,淇滨,114.293917,35.748382
鹤壁市,浚县,114.550162,35.671282
鹤壁市,淇县,114.200379,35.609478
新乡市,新乡,113.806186,35.190021
新乡市,红旗,113.878158,35.302684
新乡市,卫滨,113.866065,35.304905
新乡市,凤泉,113.906712,35.379855
新乡市,牧野,113.89716,35.312974
新乡市,新乡县,113.81159,35.19564
新乡市,获嘉,113.657249,35.261685
新乡市,原阳,113.965966,35.054001
新乡市,延津,114.200982,35.149515
新乡市,封丘,114.423405,35.04057
新乡市,长垣,114.673807,35.19615
新乡市,卫辉,114.065855,35.404295
新乡市,辉县,113.802518,35.461318
焦作市,焦作,113.238266,35.23904
焦作市,解放,113.226126,35.241353
焦作市,中站,113.175485,35.236145
焦作市,马村,113.321703,35.265453
焦作市,山阳区,113.26766,35.21476
焦作市,修武,113.447465,35.229923
焦作市,博爱,113.069313,35.170351
焦作市,武陟,113.408334,35.09885
焦作市,温县,113.079118,34.941233
焦作市,沁阳,112.934538,35.08901
焦作市,孟州,112.78708,34.90963
濮阳市,濮阳,115.041299,35.768234
濮阳市,华龙,115.03184,35.760473
濮阳市,清丰,115.107287,35.902413
濮阳市,南乐,115.204336,36.075204
濮阳市,范县,115.504212,35.851977
濮阳市,台前,115.855681,35.996474
濮阳市,濮阳县,115.035584,35.717889
许昌市,许昌,113.826063,34.022956
许昌市,魏都,113.828307,34.02711
许昌市,建安,113.829043,34.130445
许昌市,鄢陵,114.188507,34.100502
许昌市,襄城,113.493166,33.855943
许昌市,禹州,113.471316,34.154403
许昌市,长葛,113.768912,34.219257
漯河市,漯河,114.026405,33.575855
漯河市,源汇,114.017948,33.565441
漯河市,郾城,114.016813,33.588897
漯河市,召陵,114.051686,33.567555
漯河市,舞阳,113.610565,33.436278
漯河市,临颍,113.938891,33.80609
三门峡市,三门峡,111.194099,34.777338
三门峡市,湖滨区,111.19487,34.77812
三门峡市,陕州,111.103851,34.720244
三门峡市,渑池,111.762992,34.763487
三门峡市,卢氏,111.052649,34.053995
三门峡市,义马,111.869417,34.746868
三门峡市,灵宝,110.88577,34.521264
南阳市,南阳,112.540918,32.999082
南阳市,宛城,112.544591,32.994857
南阳市,卧龙,112.528789,32.989877
南阳市,南召,112.435583,33.488617
南阳市,方城,113.010933,33.255138
南阳市,西峡,111.485772,33.302981
南阳市,镇平,112.232722,33.036651
南阳市,内乡,111.843801,33.046358
南阳市,淅川,111.489026,33.136106
南阳市,社旗,112.938279,33.056126
南阳市,唐河,112.838492,32.687892
南阳市,新野,112.365624,32.524006
南阳市,桐柏,113.406059,32.367153
南阳市,邓州,112.092716,32.681642
商丘市,商丘,115.650497,34.437054
商丘市,梁园,115.65459,34.436553
商丘市,睢阳,115.653813,34.390536
商丘市,民权,115.148146,34.648455
商丘市,睢县,115.070109,34.428433
商丘市,宁陵,115.320055,34.449299
商丘市,柘城,115.307433,34.075277
商丘市,虞城,115.863811,34.399634
商丘市,夏邑,116.13989,34.240894
商丘市,永城,116.449672,33.931318
信阳市,信阳,114.075031,32.123274
信阳市,浉河,114.075031,32.123274
信阳市,平桥,114.126027,32.098395
信阳市,罗山,114.533414,32.203206
信阳市,光山,114.903577,32.010398
信阳市,新县,114.87705,31.63515
信阳市,商城,115.406297,31.799982
信阳市,固始,115.667328,32.183074
信阳市,潢川,115.050123,32.134024
信阳市,淮滨,115.415451,32.452639
信阳市,息县,114.740713,32.344744
周口市,周口,114.649653,33.620357
周口市,川汇,114.652136,33.614836
周口市,扶沟,114.392008,34.054061
周口市,西华,114.530067,33.784378
周口市,商水,114.60927,33.543845
周口市,沈丘,115.078375,33.395514
周口市,郸城,115.189,33.643852
周口市,淮阳,114.870166,33.732547
周口市,太康,114.853834,34.065312
周口市,鹿邑,115.486386,33.861067
周口市,项城,114.899521,33.443085
驻马店市,驻马店,114.024736,32.980169
驻马店市,驿城,114.029149,32.977559
驻马店市,西平,114.026864,33.382315
驻马店市,上蔡,114.266892,33.264719
驻马店市,平舆,114.637105,32.955626
驻马店市,正阳,114.38948,32.601826
驻马店市,确山,114.026679,32.801538
驻马店市,泌阳,113.32605,32.725129
驻马店市,汝南,114.359495,33.004535
驻马店市,遂平,114.00371,33.14698
驻马店市,新蔡,114.975246,32.749948
济源市,济源,112.590047,35.090378
武汉市,武汉,114.298572,30.584355
武汉市,江岸,114.30304,30.594911
武汉市,江汉,114.283109,30.578771
武汉市,硚口,114.264568,30.57061
武汉市,汉阳,114.265807,30.549326
武汉市,武昌,114.307344,30.546536
武汉市,青山,114.39707,30.634215
武汉市,洪山,114.400718,30.504259
武汉市,东西湖,114.142483,30.622467
武汉市,汉南,114.08124,30.309637
武汉市,蔡甸,114.029341,30.582186
武汉市,江夏,114.313961,30.349045
武汉市,黄陂,114.374025,30.874155
武汉市,新洲,114.802108,30.842149
黄石市,黄石,115.077048,30.220074
黄石市,黄石港,115.090164,30.212086
黄石市,西塞山,115.093354,30.205365
黄石市,下陆,114.975755,30.177845
黄石市,铁山,114.901366,30.20601
黄石市,阳新,115.212883,29.841572
黄石市,大冶,114.974842,30.098804
十堰市,十堰,110.787916,32.646907
十堰市,茅箭,110.78621,32.644463
十堰市,张湾,110.772365,32.652516
十堰市,郧阳,110.812099,32.838267
十堰市,郧西,110.426472,32.991457
十堰市,竹山,110.2296,32.22586
十堰市,竹溪,109.717196,32.315342
十堰市,房县,110.741966,32.055002
十堰市,丹江口,111.513793,32.538839
宜昌市,宜昌,111.290843,30.702636
宜昌市,西陵,111.295468,30.702476
宜昌市,伍家岗,111.307215,30.679053
宜昌市,点军,111.268163,30.692322
宜昌市,猇亭,111.427642,30.530744
宜昌市,夷陵,111.326747,30.770199
宜昌市,远安,111.64331,31.059626
宜昌市,兴山,110.754499,31.34795
宜昌市,秭归,110.976785,30.823908
宜昌市,长阳,111.198475,30.466534
宜昌市,五峰,110.674938,30.199252
宜昌市,宜都,111.454367,30.387234
宜昌市,当阳,111.793419,30.824492
宜昌市,枝江,111.751799,30.425364
襄阳市,襄阳,112.144146,32.042426
襄阳市,襄城区,112.150327,32.015088
襄阳市,樊城,112.13957,32.058589
襄阳市,襄州,112.197378,32.085517
襄阳市,南漳,111.844424,31.77692
襄阳市,谷城,111.640147,32.262676
襄阳市,保康,111.262235,31.873507
襄阳市,老河口,111.675732,32.385438
襄阳市,枣阳,112.765268,32.123083
襄阳市,宜城,112.261441,31.709203
鄂州市,鄂州,114.890593,30.396536
鄂州市,梁子湖,114.681967,30.098191
鄂州市,华容区,114.74148,30.534468
鄂州市,鄂城,114.890012,30.39669
荆门市,荆门,112.204251,31.03542
荆门市,东宝,112.204804,31.033461
荆门市,掇刀,112.198413,30.980798
荆门市,沙洋,112.595218,30.70359
荆门市,钟祥,112.587267,31.165573
荆门市,京山,113.114595,31.022458
孝感市,孝感,113.926655,30.926423
孝感市,孝南,113.925849,30.925966
孝感市,孝昌,113.988964,31.251618
孝感市,大悟,114.126249,31.565483
孝感市,云梦,113.750616,31.021691
孝感市,应城,113.573842,30.939038
孝感市,安陆,113.690401,31.26174
孝感市,汉川,113.835301,30.652165
荆州市,荆州,112.23813,30.326857
荆州市,沙市,112.257433,30.315895
荆州市,荆州区,113.114595,31.022458
荆州市,公安,112.230179,30.059065
荆州市,监利,112.904344,29.820079
荆州市,江陵,112.41735,30.033919
荆州市,石首,112.40887,29.716437
荆州市,洪湖,113.470304,29.81297
荆州市,松滋,111.77818,30.176037
黄冈市,黄冈,114.879365,30.447711
黄冈市,黄州,114.878934,30.447435
黄冈市,团风,114.872029,30.63569
黄冈市,红安,114.615095,31.284777
黄冈市,罗田,115.398984,30.781679
黄冈市,英山,115.67753,30.735794
黄冈市,浠水,115.26344,30.454837
黄冈市,蕲春,115.433964,30.234927
黄冈市,黄梅,115.942548,30.075113
黄冈市,麻城,115.02541,31.177906
黄冈市,武穴,115.56242,29.849342
咸宁市,咸宁,114.328963,29.832798
咸宁市,咸安,114.333894,29.824716
咸宁市,嘉鱼,113.921547,29.973363
咸宁市,通城,113.814131,29.246076
咸宁市,崇阳,114.049958,29.54101
咸宁市,通山,114.493163,29.604455
咸宁市,赤壁,113.88366,29.716879
随州市,随州,113.37377,31.717497
随州市,曾都,113.374519,31.717521
随州市,随县,113.301384,31.854246
随州市,广水,113.826601,31.617731
恩施土家族苗族自治州,恩施,109.48699,30.283114
恩施土家族苗族自治州,恩施市,109.48699,30.283114
恩施土家族苗族自治州,利川,108.943491,30.294247
恩施土家族苗族自治州,建始,109.723822,30.601632
恩施土家族苗族自治州,巴东,110.336665,31.041403
恩施土家族苗族自治州,宣恩,109.482819,29.98867
恩施土家族苗族自治州,咸丰,109.15041,29.678967
恩施土家族苗族自治州,来凤,109.408328,29.506945
恩施土家族苗族自治州,鹤峰,110.033699,29.887298
仙桃市,仙桃,113.453974,30.364953
潜江市,潜江,112.896866,30.421215
天门市,天门,113.165862,30.653061
神农架林区,神农架,110.671525,31.744449
长沙市,长沙,112.982279,28.19409
长沙市,芙蓉,112.988094,28.193106
长沙市,天心,112.97307,28.192375
长沙市,岳麓,112.911591,28.213044
长沙市,开福,112.985525,28.201336
长沙市,雨花区,113.016337,28.109937
长沙市,望城,112.819549,28.347458
长沙市,长沙县,113.080098,28.237888
长沙市,浏阳,113.633301,28.141112
长沙市,宁乡,112.553182,28.253928
株洲市,株洲,113.151737,27.835806
株洲市,荷塘,113.162548,27.833036
株洲市,芦淞,113.155169,27.827246
株洲市,石峰,113.11295,27.871945
株洲市,天元,113.136252,27.826909
株洲市,渌口,113.150427,27.70432
株洲市,攸县,113.345774,27.000071
株洲市,茶陵,113.546509,26.789534
株洲市,炎陵,113.776884,26.489459
株洲市,醴陵,113.507157,27.657873
湘潭市,湘潭,112.944052,27.82973
湘潭市,雨湖,112.907427,27.86077
湘潭市,岳塘,112.927707,27.828854
湘潭市,湘潭县,112.957505,27.784983
湘潭市,湘乡,112.525217,27.734918
湘潭市,韶山,112.52848,27.922682
衡阳市,衡阳,112.607693,26.900358
衡阳市,珠晖,112.626324,26.891063
衡阳市,雁峰,112.612241,26.893694
衡阳市,石鼓,112.607635,26.903908
衡阳市,蒸湘,112.570608,26.89087
衡阳市,南岳,112.734147,27.240536
衡阳市,衡阳县,112.379643,26.962388
衡阳市,衡南,112.677459,26.739973
衡阳市,衡山,112.86971,27.234808
衡阳市,衡东,112.950412,27.083531
衡阳市,祁东,112.111192,26.787109
衡阳市,耒阳,112.847215,26.414162
衡阳市,常宁,112.396821,26.406773
邵阳市,邵阳,111.46923,27.237842
邵阳市,双清,111.479756,27.240001
邵阳市,大祥,111.462968,27.233593
邵阳市,北塔,111.452315,27.245688
邵阳市,邵东,111.743168,27.257273
邵阳市,新邵,111.459762,27.311429
邵阳市,邵阳县,111.2757,26.989713
邵阳市,隆回,111.038785,27.116002
邵阳市,洞口,110.579212,27.062286
邵阳市,绥宁,110.155075,26.580622
邵阳市,新宁,110.859115,26.438912
邵阳市,城步,110.313226,26.363575
邵阳市,武冈,110.636804,26.732086
岳阳市,岳阳,113.132855,29.37029
岳阳市,岳阳楼区,113.120751,29.366784
岳阳市,云溪,113.27387,29.473395
岳阳市,君山,113.004082,29.438062
岳阳市,岳阳县,113.12254,29.1502693
岳阳市,华容,112.559369,29.524107
岳阳市,湘阴,112.889748,28.677498
岳阳市,平江,113.593751,28.701523
岳阳市,汨罗,113.079419,28.803149
岳阳市,临湘,113.450809,29.471594
常德市,常德,111.691347,29.040225
常德市,武陵,111.690718,29.040477
常德市,鼎城,111.685327,29.014426
常德市,安乡,112.172289,29.414483
常德市,汉寿,111.968506,28.907319
常德市,澧县,111.761682,29.64264
常德市,临澧,111.645602,29.443217
常德市,桃源,111.484503,28.902734
常德市,石门,111.379087,29.584703
常德市,津市,111.879609,29.630867
张家界市,张家界,110.479921,29.127401
张家界市,永定,110.484559,29.125961
张家界市,武陵源,110.54758,29.347827
张家界市,慈利,111.132702,29.423876
张家界市,桑植,110.164039,29.399939
益阳市,益阳,112.355042,28.570066
益阳市,资阳区,112.33084,28.592771
益阳市,赫山,112.360946,28.568327
益阳市,南县,112.410399,29.372181
益阳市,桃江,112.139732,28.520993
益阳市,安化,111.221824,28.377421
益阳市,沅江,112.361088,28.839713
郴州市,郴州,113.032067,25.793589
郴州市,北湖,113.032208,25.792628
郴州市,苏仙,113.038698,25.793157
郴州市,桂阳,112.734466,25.737447
郴州市,宜章,112.947884,25.394345
郴州市,永兴,113.114819,26.129392
郴州市,嘉禾,112.370618,25.587309
郴州市,临武,112.564589,25.279119
郴州市,汝城,113.685686,25.553759
郴州市,桂东,113.945879,26.073917
郴州市,安仁,113.27217,26.708625
郴州市,资兴,113.23682,25.974152
永州市,永州,111.608019,26.434516
永州市,零陵,111.626348,26.223347
永州市,冷水滩,111.607156,26.434364
永州市,祁阳,111.85734,26.585929
永州市,东安,111.313035,26.397278
永州市,双牌,111.662146,25.959397
永州市,道县,111.591614,25.518444
永州市,江永,111.346803,25.268154
永州市,宁远,111.944529,25.584112
永州市,蓝山,112.194195,25.375255
永州市,新田,112.220341,25.906927
永州市,江华,111.577276,25.182596
怀化市,怀化,109.97824,27.550082
怀化市,鹤城,109.982242,27.548474
怀化市,中方,109.948061,27.43736
怀化市,沅陵,110.399161,28.455554
怀化市,辰溪,110.196953,28.005474
怀化市,溆浦,110.593373,27.903802
怀化市,会同,109.720785,26.870789
怀化市,麻阳,109.802807,27.865991
怀化市,新晃,109.174443,27.359897
怀化市,芷江,109.687777,27.437996
怀化市,靖州,109.691159,26.573511
怀化市,通道,109.783359,26.158349
怀化市,洪江,109.831765,27.201876
娄底市,娄底,112.008497,27.728136
娄底市,娄星,112.008486,27.726643
娄底市,双峰,112.198245,27.459126
娄底市,新化,111.306747,27.737456
娄底市,冷水江,111.434674,27.685759
娄底市,涟源,111.670847,27.692301
湘西土家族苗族自治州,湘西,109.739735,28.314296
湘西土家族苗族自治州,吉首,109.738273,28.314827
湘西土家族苗族自治州,泸溪,110.214428,28.214516
湘西土家族苗族自治州,凤凰,109.599191,27.948308
湘西土家族苗族自治州,花垣,109.479063,28.581352
湘西土家族苗族自治州,保靖,109.651445,28.709605
湘西土家族苗族自治州,古丈,109.949592,28.616973
湘西土家族苗族自治州,永顺,109.853292,28.998068
湘西土家族苗族自治州,龙山,109.441189,29.453438
广州市,广州,113.280637,23.125178
广州市,荔湾,113.243038,23.124943
广州市,越秀,113.280714,23.125624
广州市,海珠,113.262008,23.103131
广州市,天河,113.335367,23.13559
广州市,白云,113.262831,23.162281
广州市,黄埔,113.450761,23.103239
广州市,番禺,113.364619,22.938582
广州市,花都,113.211184,23.39205
广州市,南沙区,113.53738,22.794531
广州市,从化,113.587386,23.545283
广州市,增城,113.829579,23.290497
韶关市,韶关,113.591544,24.801322
韶关市,武江,113.588289,24.80016
韶关市,浈江,113.599224,24.803977
韶关市,曲江,113.605582,24.680195
韶关市,始兴,114.067205,24.948364
韶关市,仁化,113.748627,25.088226
韶关市,翁源,114.131289,24.353887
韶关市,乳源,113.278417,24.776109
韶关市,新丰,114.207034,24.055412
韶关市,乐昌,113.352413,25.128445
韶关市,南雄,114.311231,25.115328
深圳市,深圳,114.085947,22.547
深圳市,罗湖,114.123885,22.555341
深圳市,福田,114.05096,22.541009
深圳市,南山,113.92943,22.531221
深圳市,宝安,113.828671,22.754741
深圳市,龙岗,114.251372,22.721511
深圳市,盐田,114.235366,22.555069
深圳市,龙华,114.04048,22.758663
深圳市,坪山,114.34415,22.716233
深圳市,光明,113.94256,22.754466
珠海市,珠海,113.553986,22.224979
珠海市,香洲,113.55027,22.271249
珠海市,斗门,113.297739,22.209117
珠海市,金湾,113.345071,22.139122
汕头市,汕头,116.708463,23.37102
汕头市,龙湖,116.732015,23.373754
汕头市,金平区,116.703583,23.367071
汕头市,濠江,116.729528,23.279345
汕头市,潮阳,116.602602,23.262336
汕头市,潮南,116.423607,23.249798
汕头市,澄海,116.76336,23.46844
汕头市,南澳,117.027105,23.419562
佛山市,佛山,113.122717,23.028762
佛山市,禅城,113.112414,23.019643
佛山市,南海区,113.145577,23.031562
佛山市,顺德,113.281826,22.75851
佛山市,三水,112.899414,23.16504
佛山市,高明,112.882123,22.893855
江门市,江门,113.094942,22.590431
江门市,蓬江,113.07859,22.59677
江门市,江海,113.120601,22.572211
江门市,新会,113.038584,22.520247
江门市,台山,112.793414,22.250713
江门市,开平,112.692262,22.366286
江门市,鹤山,112.961795,22.768104
江门市,恩平,112.314051,22.182956
湛江市,湛江,110.364977,21.274898
湛江市,赤坎,110.361634,21.273365
湛江市,霞山,110.406382,21.194229
湛江市,坡头,110.455632,21.24441
湛江市,麻章,110.329167,21.265997
湛江市,遂溪,110.255321,21.376915
湛江市,徐闻,110.175718,20.326083
湛江市,廉江,110.284961,21.611281
湛江市,雷州,110.088275,20.908523
湛江市,吴川,110.780508,21.428453
茂名市,茂名,110.919229,21.659751
茂名市,茂南,110.920542,21.660425
茂名市,电白,111.007264,21.507219
茂名市,高州,110.853251,21.915153
茂名市,化州,110.63839,21.654953
茂名市,信宜,110.941656,22.352681
肇庆市,肇庆,112.472529,23.051546
肇庆市,端州,112.472329,23.052662
肇庆市,鼎湖,112.565249,23.155822
肇庆市,高要,112.460846,23.027694
肇庆市,广宁,112.440419,23.631486
肇庆市,怀集,112.182466,23.913072
肇庆市,封开,111.502973,23.434731
肇庆市,德庆,111.78156,23.141711
肇庆市,四会,112.695028,23.340324
惠州市,惠州,114.412599,23.079404
惠州市,惠城,114.413978,23.079883
惠州市,惠阳,114.469444,22.78851
惠州市,博罗,114.284254,23.167575
惠州市,惠东,114.723092,22.983036
惠州市,龙门,114.259986,23.723894
梅州市,梅州,116.117582,24.299112
梅州市,梅江,116.12116,24.302593
梅州市,梅县,116.083482,24.267825
梅州市,大埔,116.69552,24.351587
梅州市,丰顺,116.184419,23.752771
梅州市,五华,115.775004,23.925424
梅州市,平远,115.891729,24.569651
梅州市,蕉岭,116.170531,24.653313
梅州市,兴宁,115.731648,24.138077
汕尾市,汕尾,115.364238,22.774485
汕尾市,城区,115.364238,22.774485
汕尾市,海丰,115.337324,22.971042
汕尾市,陆河,115.657565,23.302682
汕尾市,陆丰,115.644203,22.946104
河源市,河源,114.697802,23.746266
河源市,源城,114.696828,23.746255
河源市,紫金,115.184383,23.633744
河源市,龙川,115.256415,24.101174
河源市,连平,114.495952,24.364227
河源市,和平,114.941473,24.44318
河源市,东源,114.742711,23.789093
阳江市,阳江,111.975107,21.859222
阳江市,江城区,111.968909,21.859182
阳江市,阳东,112.011267,21.864728
阳江市,阳西,111.617556,21.75367
阳江市,阳春,111.7905,22.169598
清远市,清远,113.051227,23.685022
清远市,清城,113.048698,23.688976
清远市,清新,113.015203,23.736949
清远市,佛冈,113.534094,23.866739
清远市,阳山,112.634019,24.470286
清远市,连山,112.086555,24.567271
清远市,连南,112.290808,24.719097
清远市,英德,113.405404,24.18612
清远市,连州,112.379271,24.783966
东莞市,东莞,113.746262,23.046237
中山市,中山,113.382391,22.521113
潮州市,潮州,116.632301,23.661701
潮州市,湘桥,116.63365,23.664675
潮州市,潮安,116.67931,23.461012
潮州市,饶平,117.00205,23.668171
揭阳市,揭阳,116.355733,23.543778
揭阳市,榕城,116.357045,23.535524
揭阳市,揭东,116.412947,23.569887
揭阳市,揭西,115.838708,23.4273
揭阳市,惠来,116.295832,23.029834
揭阳市,普宁,116.165082,23.29788
云浮市,云浮,112.044439,22.929801
云浮市,云城,112.04471,22.930827
云浮市,云安,112.005609,23.073152
云浮市,新兴,112.23083,22.703204
云浮市,郁南,111.535921,23.237709
云浮市,罗定,111.578201,22.765415
南宁市,南宁,108.320004,22.82402
南宁市,兴宁区,108.320189,22.819511
南宁市,青秀,108.346113,22.816614
南宁市,江南区,108.310478,22.799593
南宁市,西乡塘,108.306903,22.832779
南宁市,良庆,108.322102,22.75909
南宁市,邕宁,108.484251,22.756598
南宁市,武鸣,108.280717,23.157163
南宁市,隆安,107.688661,23.174763
南宁市,马山,108.172903,23.711758
南宁市,上林,108.603937,23.431769
南宁市,宾阳,108.816735,23.216884
南宁市,横县,109.270987,22.68743
柳州市,柳州,109.411703,24.314617
柳州市,城中区,109.411749,24.312324
柳州市,鱼峰,109.415364,24.303848
柳州市,柳南,109.395936,24.287013
柳州市,柳北,109.406577,24.359145
柳州市,柳江,109.334503,24.257512
柳州市,柳城,109.245812,24.655121
柳州市,鹿寨,109.740805,24.483405
柳州市,融安,109.403621,25.214703
柳州市,融水,109.252744,25.068812
柳州市,三江,109.614846,25.78553
桂林市,桂林,110.299121,25.274215
桂林市,秀峰,110.292445,25.278544
桂林市,叠彩,110.300783,25.301334
桂林市,象山区,110.284882,25.261986
桂林市,七星,110.317577,25.254339
桂林市,雁山,110.305667,25.077646
桂林市,临桂,110.205487,25.246257
桂林市,阳朔,110.494699,24.77534
桂林市,灵川,110.325712,25.408541
桂林市,全州,111.072989,25.929897
桂林市,兴安,110.670783,25.609554
桂林市,永福,109.989208,24.986692
桂林市,灌阳,111.160248,25.489098
桂林市,龙胜,110.009423,25.796428
桂林市,资源,110.642587,26.0342
桂林市,平乐,110.642821,24.632216
桂林市,恭城,110.82952,24.833612
桂林市,荔浦,110.400149,24.497786
梧州市,梧州,111.297604,23.474803
梧州市,万秀,111.315817,23.471318
梧州市,长洲,111.275678,23.4777
梧州市,龙圩,111.246035,23.40996
梧州市,苍梧,111.544008,23.845097
梧州市,藤县,110.931826,23.373963
梧州市,蒙山,110.5226,24.199829
梧州市,岑溪,110.998114,22.918406
北海市,北海,109.119254,21.473343
北海市,海城区,109.107529,21.468443
北海市,银海,109.118707,21.444909
北海市,铁山港,109.450573,21.5928
北海市,合浦,109.200695,21.663554
防城港市,防城港,108.345478,21.614631
防城港市,港口区,108.346281,21.614406
防城港市,防城,108.358426,21.764758
防城港市,上思,107.982139,22.151423
防城港市,东兴,107.97017,21.541172
钦州市,钦州,108.624175,21.967127
钦州市,钦南,108.626629,21.966808
钦州市,钦北,108.44911,22.132761
钦州市,灵山,109.293468,22.418041
钦州市,浦北,109.556341,22.268335
贵港市,贵港,109.602146,23.0936
贵港市,港北,109.59481,23.107677
贵港市,港南,109.604665,23.067516
贵港市,覃塘,109.415697,23.132815
贵港市,平南,110.397485,23.544546
贵港市,桂平,110.074668,23.382473
玉林市,玉林,110.154393,22.63136
玉林市,玉州,110.154912,22.632132
玉林市,福绵,110.054155,22.58163
玉林市,容县,110.552467,22.856435
玉林市,陆川,110.264842,22.321054
玉林市,博白,109.980004,22.271285
玉林市,兴业,109.877768,22.74187
玉林市,北流,110.348052,22.701648
百色市,百色,106.616285,23.897742
百色市,右江,106.615727,23.897675
百色市,田阳,106.904315,23.736079
百色市,田东,107.12426,23.600444
百色市,平果,107.580403,23.320479
百色市,德保,106.618164,23.321464
百色市,那坡,105.833553,23.400785
百色市,凌云,106.56487,24.345643
百色市,乐业,106.559638,24.782204
百色市,田林,106.235047,24.290262
百色市,西林,105.095025,24.492041
百色市,隆林,105.342363,24.774318
百色市,靖西,106.417549,23.134766
贺州市,贺州,111.552056,24.414141
贺州市,八步,111.551991,24.412446
贺州市,平桂,111.524014,24.417148
贺州市,昭平,110.810865,24.172958
贺州市,钟山,111.303629,24.528566
贺州市,富川,111.277228,24.81896
河池市,河池,108.062105,24.695899
河池市,金城江,108.062131,24.695625
河池市,宜州,108.653965,24.492193
河池市,南丹,107.546605,24.983192
河池市,天峨,107.174939,24.985964
河池市,凤山,107.044592,24.544561
河池市,东兰,107.373696,24.509367
河池市,罗城,108.902453,24.779327
河池市,环江,108.258669,24.827628
河池市,巴马,107.253126,24.139538
河池市,都安,108.102761,23.934964
河池市,大化,107.9945,23.739596
来宾市,来宾,109.229772,23.733766
来宾市,兴宾,109.230541,23.732926
来宾市,忻城,108.667361,24.064779
来宾市,象州,109.684555,23.959824
来宾市,武宣,109.66287,23.604162
来宾市,金秀,110.188556,24.134941
来宾市,合山,108.88858,23.81311
崇左市,崇左,107.353926,22.404108
崇左市,江州,107.354443,22.40469
崇左市,扶绥,107.911533,22.635821
崇左市,宁明,107.067616,22.131353
崇左市,龙州,106.857502,22.343716
崇左市,大新,107.200803,22.833369
崇左市,天等,107.142441,23.082484
崇左市,凭祥,106.759038,22.108882
海口市,海口,110.33119,20.031971
海口市,秀英,110.282393,20.008145
海口市,龙华区,110.330373,20.031026
海口市,琼山,110.354722,20.001051
海口市,美兰,110.356566,20.03074
三亚市,三亚,109.508268,18.247872
三亚市,海棠区,109.760778,18.407516
三亚市,吉阳区,109.512081,18.247436
三亚市,天涯区,109.506357,18.24734
三亚市,崖州区,109.174306,18.352192
三沙市,三沙,112.34882,16.831039
三沙市,西沙群岛,111.792944,16.204546
三沙市,南沙群岛,116.749998,11.471888
三沙市,中沙群岛,117.740071,15.112856
儋州市,儋州,109.576782,19.517486
五指山市,五指山,109.516662,18.776921
琼海市,琼海,110.466785,19.246011
文昌市,文昌,110.753975,19.612986
万宁市,万宁,110.388793,18.796216
东方市,东方,108.653789,19.10198
定安县,定安,110.349235,19.684966
屯昌县,屯昌,110.102773,19.362916
澄迈县,澄迈,110.007147,19.737095
临高县,临高,109.687697,19.908293
白沙黎族自治县,白沙,109.452606,19.224584
昌江黎族自治县,昌江,109.053351,19.260968
乐东黎族自治县,乐东,109.175444,18.74758
陵水黎族自治县,陵水,110.037218,18.505006
保亭黎族苗族自治县,保亭,109.70245,18.636371
琼中黎族苗族自治县,琼中,109.839996,19.03557
重庆市,重庆,108.170255,29.291965
重庆市,万州,108.380246,30.807807
重庆市,涪陵,107.394905,29.703652
重庆市,渝中,106.56288,29.556742
重庆市,大渡口,106.48613,29.481002
重庆市,江北,106.532844,29.575352
重庆市,沙坪坝,106.4542,29.541224
重庆市,九龙坡,106.480989,29.523492
重庆市,南岸,106.560813,29.523992
重庆市,北碚,106.437868,29.82543
重庆市,綦江,106.651417,29.028091
重庆市,大足,105.715319,29.700498
重庆市,渝北,106.512851,29.601451
重庆市,巴南,106.519423,29.381919
重庆市,黔江,108.782577,29.527548
重庆市,长寿,107.074854,29.833671
重庆市,江津,106.253156,29.283387
重庆市,合川,106.265554,29.990993
重庆市,永川,105.894714,29.348748
重庆市,南川,107.098153,29.156646
重庆市,璧山,106.231126,29.593581
重庆市,铜梁,106.054948,29.839944
重庆市,潼南,105.841818,30.189554
重庆市,荣昌,105.594061,29.403627
重庆市,开州,108.413317,31.167735
重庆市,梁平,107.800034,30.672168
重庆市,武隆,107.75655,29.32376
重庆市,城口,108.6649,31.946293
重庆市,丰都,107.73248,29.866424
重庆市,垫江,107.348692,30.330012
重庆市,忠县,108.037518,30.291537
重庆市,云阳,108.697698,30.930529
重庆市,奉节,109.465774,31.019967
重庆市,巫山,109.878928,31.074843
重庆市,巫溪,109.628912,31.3966
重庆市,石柱,108.112448,29.99853
重庆市,秀山,108.996043,28.444772
重庆市,酉阳,108.767201,28.839828
重庆市,彭水,108.166551,29.293856
成都市,成都,104.065735,30.659462
成都市,锦江,104.080989,30.657689
成都市,青羊,104.055731,30.667648
成都市,金牛,104.043487,30.692058
成都市,武侯,104.05167,30.630862
成都市,成华,104.103077,30.660275
成都市,龙泉驿,104.269181,30.56065
成都市,青白江,104.25494,30.883438
成都市,新都,104.16022,30.824223
成都市,温江,103.836776,30.697996
成都市,双流,103.922706,30.573243
成都市,郫都,103.887842,30.808752
成都市,金堂,104.415604,30.858417
成都市,大邑,103.522397,30.586602
成都市,蒲江,103.511541,30.194359
成都市,新津,103.812449,30.414284
成都市,都江堰,103.627898,30.99114
成都市,彭州,103.941173,30.985161
成都市,邛崃,103.46143,30.413271
成都市,崇州,103.671049,30.631478
成都市,简阳,104.550339,30.390666
自贡市,自贡,104.773447,29.352765
自贡市,自流井,104.778188,29.343231
自贡市,贡井,104.714372,29.345675
自贡市,大安区,104.783229,29.367136
自贡市,沿滩,104.876417,29.272521
自贡市,荣县,104.423932,29.454851
自贡市,富顺,104.984256,29.181282
攀枝花市,攀枝花,101.716007,26.580446
攀枝花市,东区,101.715134,26.580887
攀枝花市,西区,101.637969,26.596776
攀枝花市,仁和,101.737916,26.497185
攀枝花市,米易,102.109877,26.887474
攀枝花市,盐边,101.851848,26.677619
泸州市,泸州,105.443348,28.889138
泸州市,江阳,105.445131,28.882889
泸州市,纳溪,105.37721,28.77631
泸州市,龙马潭,105.435228,28.897572
泸州市,泸县,105.376335,29.151288
泸州市,合江,105.834098,28.810325
泸州市,叙永,105.437775,28.167919
泸州市,古蔺,105.813359,28.03948
德阳市,德阳,104.398651,31.127991
德阳市,旌阳,104.389648,31.130428
德阳市,罗江,104.507126,31.303281
德阳市,中江,104.677831,31.03681
德阳市,广汉,104.281903,30.97715
德阳市,什邡,104.173653,31.126881
德阳市,绵竹,104.200162,31.343084
绵阳市,绵阳,104.741722,31.46402
绵阳市,涪城,104.740971,31.463557
绵阳市,游仙,104.770006,31.484772
绵阳市,安州,104.560341,31.53894
绵阳市,三台,105.090316,31.090909
绵阳市,盐亭,105.391991,31.22318
绵阳市,梓潼,105.16353,31.635225
绵阳市,北川,104.468069,31.615863
绵阳市,平武,104.530555,32.407588
绵阳市,江油,104.744431,31.776386
广元市,广元,105.829757,32.433668
广元市,利州,105.826194,32.432276
广元市,昭化,105.964121,32.322788
广元市,朝天,105.88917,32.642632
广元市,旺苍,106.290426,32.22833
广元市,青川,105.238847,32.585655
广元市,剑阁,105.527035,32.286517
广元市,苍溪,105.939706,31.732251
遂宁市,遂宁,105.571331,30.513311
遂宁市,船山,105.582215,30.502647
遂宁市,安居,105.459383,30.346121
遂宁市,蓬溪,105.713699,30.774883
遂宁市,射洪,105.381849,30.868752
遂宁市,大英,105.252187,30.581571
内江市,内江,105.066138,29.58708
内江市,市中区,105.065467,29.585265
内江市,东兴区,105.067203,29.600107
内江市,威远,104.668327,29.52686
内江市,资中,104.852463,29.775295
内江市,隆昌,105.288074,29.338162
乐山市,乐山,103.761263,29.582024
乐山市,市中区,103.75539,29.588327
乐山市,沙湾区,103.549961,29.416536
乐山市,五通桥,103.816837,29.406186
乐山市,金口河,103.077831,29.24602
乐山市,犍为,103.944266,29.209782
乐山市,井研,104.06885,29.651645
乐山市,夹江,103.578862,29.741019
乐山市,沐川,103.90211,28.956338
乐山市,峨边,103.262148,29.230271
乐山市,马边,103.546851,28.838933
乐山市,峨眉山,103.492488,29.597478
南充市,南充,106.082974,30.795281
南充市,顺庆,106.084091,30.795572
南充市,高坪,106.108996,30.781809
南充市,嘉陵,106.067027,30.762976
南充市,南部,106.061138,31.349407
南充市,营山,106.564893,31.075907
南充市,蓬安,106.413488,31.027978
南充市,仪陇,106.297083,31.271261
南充市,西充,105.893021,30.994616
南充市,阆中,105.975266,31.580466
眉山市,眉山,103.831788,30.048318
眉山市,东坡,103.831553,30.048128
眉山市,彭山,103.8701,30.192298
眉山市,仁寿,104.147646,29.996721
眉山市,洪雅,103.375006,29.904867
眉山市,丹棱,103.518333,30.012751
眉山市,青神,103.846131,29.831469
宜宾市,宜宾,104.630825,28.760189
宜宾市,翠屏,104.630231,28.760179
宜宾市,南溪,104.981133,28.839806
宜宾市,叙州,104.53944,28.69625
宜宾市,江安,105.068697,28.728102
宜宾市,长宁,104.921116,28.577271
宜宾市,高县,104.519187,28.435676
宜宾市,珙县,104.712268,28.449041
宜宾市,筠连,104.507848,28.162017
宜宾市,兴文,105.236549,28.302988
宜宾市,屏山,104.162617,28.64237
广安市,广安,106.633369,30.456398
广安市,广安区,106.64853,30.47977
广安市,前锋,106.893277,30.4963
广安市,岳池,106.444451,30.533538
广安市,武胜,106.292473,30.344291
广安市,邻水,106.934968,30.334323
广安市,华蓥,106.777882,30.380574
达州市,达州,107.502262,31.209484
达州市,通川,107.501062,31.213522
达州市,达川,107.507926,31.199062
达州市,宣汉,107.722254,31.355025
达州市,开江,107.864135,31.085537
达州市,大竹,107.20742,30.736289
达州市,渠县,106.970746,30.836348
达州市,万源,108.037548,32.06777
雅安市,雅安,103.001033,29.987722
雅安市,雨城,103.003398,29.981831
雅安市,名山,103.112214,30.084718
雅安市,荥经,102.844674,29.795529
雅安市,汉源,102.677145,29.349915
雅安市,石棉,102.35962,29.234063
雅安市,天全,102.763462,30.059955
雅安市,芦山,102.924016,30.152907
雅安市,宝兴,102.813377,30.369026
巴中市,巴中,106.753669,31.858809
巴中市,巴州,106.753671,31.858366
巴中市,恩阳,106.486515,31.816336
巴中市,通江,107.247621,31.91212
巴中市,南江,106.843418,32.353164
巴中市,平昌,107.101937,31.562814
资阳市,资阳,104.641917,30.122211
资阳市,雁江,104.642338,30.121686
资阳市,安岳,105.336764,30.099206
资阳市,乐至,105.031142,30.275619
阿坝藏族羌族自治州,阿坝,102.221374,31.899792
阿坝藏族羌族自治州,马尔康,102.221187,31.899761
阿坝藏族羌族自治州,汶川,103.580675,31.47463
阿坝藏族羌族自治州,理县,103.165486,31.436764
阿坝藏族羌族自治州,茂县,103.850684,31.680407
阿坝藏族羌族自治州,松潘,103.599177,32.63838
阿坝藏族羌族自治州,九寨沟,104.236344,33.262097
阿坝藏族羌族自治州,金川,102.064647,31.476356
阿坝藏族羌族自治州,小金,102.363193,30.999016
阿坝藏族羌族自治州,黑水,102.990805,32.061721
阿坝藏族羌族自治州,壤塘,100.979136,32.264887
阿坝藏族羌族自治州,阿坝县,101.71361,32.908221
阿坝藏族羌族自治州,若尔盖,102.963726,33.575934
阿坝藏族羌族自治州,红原,102.544906,32.793902
甘孜藏族自治州,甘孜,101.963815,30.050663
甘孜藏族自治州,康定,101.964057,30.050738
甘孜藏族自治州,泸定,102.233225,29.912482
甘孜藏族自治州,丹巴,101.886125,30.877083
甘孜藏族自治州,九龙,101.506942,29.001975
甘孜藏族自治州,雅江,101.015735,30.03225
甘孜藏族自治州,道孚,101.123327,30.978767
甘孜藏族自治州,炉霍,100.679495,31.392674
甘孜藏族自治州,甘孜县,99.99921,31.62896
甘孜藏族自治州,新龙,100.312094,30.93896
甘孜藏族自治州,德格,98.57999,31.806729
甘孜藏族自治州,白玉,98.824343,31.208805
甘孜藏族自治州,石渠,98.100887,32.975302
甘孜藏族自治州,色达,100.331657,32.268777
甘孜藏族自治州,理塘,100.269862,29.991807
甘孜藏族自治州,巴塘,99.109037,30.005723
甘孜藏族自治州,乡城,99.799943,28.930855
甘孜藏族自治州,稻城,100.296689,29.037544
甘孜藏族自治州,得荣,99.288036,28.71134
凉山彝族自治州,凉山,102.258746,27.886762
凉山彝族自治州,西昌,102.258758,27.885786
凉山彝族自治州,木里,101.280184,27.926859
凉山彝族自治州,盐源,101.508909,27.423415
凉山彝族自治州,德昌,102.178845,27.403827
凉山彝族自治州,会理,102.249548,26.658702
凉山彝族自治州,会东,102.578985,26.630713
凉山彝族自治州,宁南,102.757374,27.065205
凉山彝族自治州,普格,102.541082,27.376828
凉山彝族自治州,布拖,102.808801,27.709062
凉山彝族自治州,金阳,103.248704,27.695916
凉山彝族自治州,昭觉,102.843991,28.010554
凉山彝族自治州,喜德,102.412342,28.305486
凉山彝族自治州,冕宁,102.170046,28.550844
凉山彝族自治州,越西,102.508875,28.639632
凉山彝族自治州,甘洛,102.775924,28.977094
凉山彝族自治州,美姑,103.132007,28.327946
凉山彝族自治州,雷波,103.571584,28.262946
贵阳市,贵阳,106.713478,26.578343
贵阳市,南明,106.715963,26.573743
贵阳市,云岩,106.713397,26.58301
贵阳市,花溪,106.670791,26.410464
贵阳市,乌当,106.762123,26.630928
贵阳市,白云区,106.633037,26.676849
贵阳市,观山湖,106.626323,26.646358
贵阳市,开阳,106.969438,27.056793
贵阳市,息烽,106.737693,27.092665
贵阳市,修文,106.599218,26.840672
贵阳市,清镇,106.470278,26.551289
六盘水市,六盘水,104.846743,26.584643
六盘水市,钟山区,104.846244,26.584805
六盘水市,六枝,105.474235,26.210662
六盘水市,水城,104.95685,26.540478
六盘水市,盘州,104.468367,25.706966
遵义市,遵义,106.937265,27.706626
遵义市,红花岗,106.943784,27.694395
遵义市,汇川,106.937265,27.706626
遵义市,播州,106.831668,27.535288
遵义市,桐梓,106.826591,28.131559
遵义市,绥阳,107.191024,27.951342
遵义市,正安,107.441872,28.550337
遵义市,道真,107.605342,28.880088
遵义市,务川,107.887857,28.521567
遵义市,凤冈,107.722021,27.960858
遵义市,湄潭,107.485723,27.765839
遵义市,余庆,107.892566,27.221552
遵义市,习水,106.200954,28.327826
遵义市,赤水,105.698116,28.587057
遵义市,仁怀,106.412476,27.803377
安顺市,安顺,105.932188,26.245544
安顺市,西秀,105.946169,26.248323
安顺市,平坝,106.259942,26.40608
安顺市,普定,105.745609,26.305794
安顺市,镇宁,105.768656,26.056096
安顺市,关岭,105.618454,25.944248
安顺市,紫云,106.084515,25.751567
毕节市,毕节,105.28501,27.301693
毕节市,七星关,105.284852,27.302085
毕节市,大方,105.609254,27.143521
毕节市,黔西,106.038299,27.024923
毕节市,金沙,106.222103,27.459693
毕节市,织金,105.768997,26.668497
毕节市,纳雍,105.375322,26.769875
毕节市,威宁,104.286523,26.859099
毕节市,赫章,104.726438,27.119243
铜仁市,铜仁,109.191555,27.718346
铜仁市,碧江,109.192117,27.718745
铜仁市,万山,109.21199,27.51903
铜仁市,江口,108.848427,27.691904
铜仁市,玉屏,108.917882,27.238024
铜仁市,石阡,108.229854,27.519386
铜仁市,思南,108.255827,27.941331
铜仁市,印江,108.405517,27.997976
铜仁市,德江,108.117317,28.26094
铜仁市,沿河,108.495746,28.560487
铜仁市,松桃,109.202627,28.165419
黔西南布依族苗族自治州,黔西南,104.897971,25.08812
黔西南布依族苗族自治州,兴义,104.897982,25.088599
黔西南布依族苗族自治州,兴仁,105.192778,25.431378
黔西南布依族苗族自治州,普安,104.955347,25.786404
黔西南布依族苗族自治州,晴隆,105.218773,25.832881
黔西南布依族苗族自治州,贞丰,105.650133,25.385752
黔西南布依族苗族自治州,望谟,106.091563,25.166667
黔西南布依族苗族自治州,册亨,105.81241,24.983338
黔西南布依族苗族自治州,安龙,105.471498,25.108959
黔东南苗族侗族自治州,黔东南,107.977488,26.583352
黔东南苗族侗族自治州,凯里,107.977541,26.582964
黔东南苗族侗族自治州,黄平,107.901337,26.896973
黔东南苗族侗族自治州,施秉,108.12678,27.034657
黔东南苗族侗族自治州,三穗,108.681121,26.959884
黔东南苗族侗族自治州,镇远,108.423656,27.050233
黔东南苗族侗族自治州,岑巩,108.816459,27.173244
黔东南苗族侗族自治州,天柱,109.212798,26.909684
黔东南苗族侗族自治州,锦屏,109.20252,26.680625
黔东南苗族侗族自治州,剑河,108.440499,26.727349
黔东南苗族侗族自治州,台江,108.314637,26.669138
黔东南苗族侗族自治州,黎平,109.136504,26.230636
黔东南苗族侗族自治州,榕江,108.521026,25.931085
黔东南苗族侗族自治州,从江,108.912648,25.747058
黔东南苗族侗族自治州,雷山,108.079613,26.381027
黔东南苗族侗族自治州,麻江,107.593172,26.494803
黔东南苗族侗族自治州,丹寨,107.794808,26.199497
黔南布依族苗族自治州,黔南,107.517156,26.258219
黔南布依族苗族自治州,都匀,107.517021,26.258205
黔南布依族苗族自治州,福泉,107.513508,26.702508
黔南布依族苗族自治州,荔波,107.8838,25.412239
黔南布依族苗族自治州,贵定,107.233588,26.580807
黔南布依族苗族自治州,瓮安,107.478417,27.066339
黔南布依族苗族自治州,独山,107.542757,25.826283
黔南布依族苗族自治州,平塘,107.32405,25.831803
黔南布依族苗族自治州,罗甸,106.750006,25.429894
黔南布依族苗族自治州,长顺,106.447376,26.022116
黔南布依族苗族自治州,龙里,106.977733,26.448809
黔南布依族苗族自治州,惠水,106.657848,26.128637
黔南布依族苗族自治州,三都,107.87747,25.985183
昆明市,昆明,102.712251,25.040609
昆明市,五华区,102.704412,25.042165
昆明市,盘龙,102.729044,25.070239
昆明市,官渡,102.723437,25.021211
昆明市,西山,102.705904,25.02436
昆明市,东川,103.182,26.08349
昆明市,呈贡,102.801382,24.889275
昆明市,晋宁,102.594987,24.666944
昆明市,富民,102.497888,25.219667
昆明市,宜良,103.145989,24.918215
昆明市,石林,103.271962,24.754545
昆明市,嵩明,103.038777,25.335087
昆明市,禄劝,102.46905,25.556533
昆明市,寻甸,103.257588,25.559474
昆明市,安宁,102.485544,24.921785
曲靖市,曲靖,103.797851,25.501557
曲靖市,麒麟,103.798054,25.501269
曲靖市,沾益,103.819262,25.600878
曲靖市,马龙,103.578755,25.429451
曲靖市,陆良,103.655233,25.022878
曲靖市,师宗,103.993808,24.825681
曲靖市,罗平,104.309263,24.885708
曲靖市,富源,104.25692,25.67064
曲靖市,会泽,103.300041,26.412861
曲靖市,宣威,104.09554,26.227777
玉溪市,玉溪,102.543907,24.350461
玉溪市,红塔,102.543468,24.350753
玉溪市,江川,102.749839,24.291006
玉溪市,澄江,102.916652,24.669679
玉溪市,通海,102.760039,24.112205
玉溪市,华宁,102.928982,24.189807
玉溪市,易门,102.16211,24.669598
玉溪市,峨山,102.404358,24.173256
玉溪市,新平,101.990903,24.0664
玉溪市,元江,101.999658,23.597618
保山市,保山,99.167133,25.111802
保山市,隆阳,99.165825,25.112144
保山市,施甸,99.183758,24.730847
保山市,龙陵,98.693567,24.591912
保山市,昌宁,99.612344,24.823662
保山市,腾冲,98.497292,25.01757
昭通市,昭通,103.717216,27.336999
昭通市,昭阳,103.717267,27.336636
昭通市,鲁甸,103.549333,27.191637
昭通市,巧家,102.929284,26.9117
昭通市,盐津,104.23506,28.106923
昭通市,大关,103.891608,27.747114
昭通市,永善,103.63732,28.231526
昭通市,绥江,103.961095,28.599953
昭通市,镇雄,104.873055,27.436267
昭通市,彝良,104.048492,27.627425
昭通市,威信,105.04869,27.843381
昭通市,水富,104.415376,28.629688
丽江市,丽江,100.233026,26.872108
丽江市,古城区,100.234412,26.872229
丽江市,玉龙,100.238312,26.830593
丽江市,永胜,100.750901,26.685623
丽江市,华坪,101.267796,26.628834
丽江市,宁蒗,100.852427,27.281109
普洱市,普洱,100.972344,22.777321
普洱市,思茅,100.973227,22.776595
普洱市,宁洱,101.04524,23.062507
普洱市,墨江,101.687606,23.428165
普洱市,景东,100.840011,24.448523
普洱市,景谷,100.701425,23.500278
普洱市,镇沅,101.108512,24.005712
普洱市,江城,101.859144,22.58336
普洱市,孟连,99.585406,22.325924
普洱市,澜沧,99.931201,22.553083
普洱市,西盟,99.594372,22.644423
临沧市,临沧,100.08697,23.886567
临沧市,临翔,100.086486,23.886562
临沧市,凤庆,99.91871,24.592738
临沧市,云县,100.125637,24.439026
临沧市,永德,99.253679,24.028159
临沧市,镇康,98.82743,23.761415
临沧市,双江,99.824419,23.477476
临沧市,耿马,99.402495,23.534579
临沧市,沧源,99.2474,23.146887
楚雄彝族自治州,楚雄,101.546046,25.041988
楚雄彝族自治州,楚雄市,101.546046,25.041988
楚雄彝族自治州,双柏,101.63824,24.685094
楚雄彝族自治州,牟定,101.543044,25.312111
楚雄彝族自治州,南华,101.274991,25.192408
楚雄彝族自治州,姚安,101.238399,25.505403
楚雄彝族自治州,大姚,101.323602,25.722348
楚雄彝族自治州,永仁,101.671175,26.056316
楚雄彝族自治州,元谋,101.870837,25.703313
楚雄彝族自治州,武定,102.406785,25.5301
楚雄彝族自治州,禄丰,102.075694,25.14327
红河哈尼族彝族自治州,红河,103.384182,23.366775
红河哈尼族彝族自治州,个旧,103.154752,23.360383
红河哈尼族彝族自治州,开远,103.258679,23.713832
红河哈尼族彝族自治州,蒙自,103.385005,23.366843
红河哈尼族彝族自治州,弥勒,103.436988,24.40837
红河哈尼族彝族自治州,屏边,103.687229,22.987013
红河哈尼族彝族自治州,建水,102.820493,23.618387
红河哈尼族彝族自治州,石屏,102.484469,23.712569
红河哈尼族彝族自治州,泸西,103.759622,24.532368
红河哈尼族彝族自治州,元阳,102.837056,23.219773
红河哈尼族彝族自治州,红河县,102.42755,23.374489
红河哈尼族彝族自治州,金平,103.228359,22.779982
红河哈尼族彝族自治州,绿春,102.39286,22.99352
红河哈尼族彝族自治州,河口,103.961593,22.507563
文山壮族苗族自治州,文山,104.24401,23.36951
文山壮族苗族自治州,文山市,104.24401,23.36951
文山壮族苗族自治州,砚山,104.343989,23.612301
文山壮族苗族自治州,西畴,104.675711,23.437439
文山壮族苗族自治州,麻栗坡,104.701899,23.124202
文山壮族苗族自治州,马关,104.398619,23.011723
文山壮族苗族自治州,丘北,104.194366,24.040982
文山壮族苗族自治州,广南,105.056684,24.050272
文山壮族苗族自治州,富宁,105.62856,23.626494
西双版纳傣族自治州,西双版纳,100.797941,22.001724
西双版纳傣族自治州,景洪,100.797947,22.002087
西双版纳傣族自治州,勐海,100.448288,21.955866
西双版纳傣族自治州,勐腊,101.567051,21.479449
大理白族自治州,大理,100.225668,25.589449
大理白族自治州,大理市,100.225668,25.589449
大理白族自治州,漾濞,99.95797,25.669543
大理白族自治州,祥云,100.554025,25.477072
大理白族自治州,宾川,100.578957,25.825904
大理白族自治州,弥渡,100.490669,25.342594
大理白族自治州,南涧,100.518683,25.041279
大理白族自治州,巍山,100.30793,25.230909
大理白族自治州,永平,99.533536,25.461281
大理白族自治州,云龙,99.369402,25.884955
大理白族自治州,洱源,99.951708,26.111184
大理白族自治州,剑川,99.905887,26.530066
大理白族自治州,鹤庆,100.173375,26.55839
德宏傣族景颇族自治州,德宏,98.578363,24.436694
德宏傣族景颇族自治州,瑞丽,97.855883,24.010734
德宏傣族景颇族自治州,芒市,98.577608,24.436699
德宏傣族景颇族自治州,梁河,98.298196,24.80742
德宏傣族景颇族自治州,盈江,97.93393,24.709541
德宏傣族景颇族自治州,陇川,97.794441,24.184065
怒江傈僳族自治州,怒江,98.854304,25.850949
怒江傈僳族自治州,泸水,98.854063,25.851142
怒江傈僳族自治州,福贡,98.867413,26.902738
怒江傈僳族自治州,贡山,98.666141,27.738054
怒江傈僳族自治州,兰坪,99.421378,26.453839
迪庆藏族自治州,迪庆,99.706463,27.826853
迪庆藏族自治州,香格里拉,99.708667,27.825804
迪庆藏族自治州,德钦,98.91506,28.483272
迪庆藏族自治州,维西,99.286355,27.180948
拉萨市,拉萨,91.132212,29.660361
拉萨市,城关区,91.132911,29.659472
拉萨市,堆龙德庆,91.002823,29.647347
拉萨市,达孜,91.350976,29.670314
拉萨市,林周,91.261842,29.895754
拉萨市,当雄,91.103551,30.474819
拉萨市,尼木,90.165545,29.431346
拉萨市,曲水,90.738051,29.349895
拉萨市,墨竹工卡,91.731158,29.834657
日喀则市,日喀则,88.885148,29.267519
日喀则市,桑珠孜,88.88667,29.267003
日喀则市,南木林,89.099434,29.680459
日喀则市,江孜,89.605044,28.908845
日喀则市,定日,87.123887,28.656667
日喀则市,萨迦,88.023007,28.901077
日喀则市,拉孜,87.63743,29.085136
日喀则市,昂仁,87.23578,29.294758
日喀则市,谢通门,88.260517,29.431597
日喀则市,白朗,89.263618,29.106627
日喀则市,仁布,89.843207,29.230299
日喀则市,康马,89.683406,28.554719
日喀则市,定结,87.767723,28.36409
日喀则市,仲巴,84.032826,29.768336
日喀则市,亚东,88.906806,27.482772
日喀则市,吉隆,85.298349,28.852416
日喀则市,聂拉木,85.981953,28.15595
日喀则市,萨嘎,85.234622,29.328194
日喀则市,岗巴,88.518903,28.274371
昌都市,昌都,97.178452,31.136875
昌都市,卡若,97.178255,31.137035
昌都市,江达,98.218351,31.499534
昌都市,贡觉,98.271191,30.859206
昌都市,类乌齐,96.601259,31.213048
昌都市,丁青,95.597748,31.410681
昌都市,察雅,97.565701,30.653038
昌都市,八宿,96.917893,30.053408
昌都市,左贡,97.840532,29.671335
昌都市,芒康,98.596444,29.686615
昌都市,洛隆,95.823418,30.741947
昌都市,边坝,94.707504,30.933849
林芝市,林芝,94.362348,29.654693
林芝市,巴宜,94.360987,29.653732
林芝市,工布江达,93.246515,29.88447
林芝市,米林,94.213679,29.213811
林芝市,墨脱,95.332245,29.32573
林芝市,波密,95.768151,29.858771
林芝市,察隅,97.465002,28.660244
林芝市,朗县,93.073429,29.0446
山南市,山南,91.766529,29.236023
山南市,乃东,91.76525,29.236106
山南市,扎囊,91.338,29.246476
山南市,贡嘎,90.985271,29.289078
山南市,桑日,92.015732,29.259774
山南市,琼结,91.683753,29.025242
山南市,曲松,92.201066,29.063656
山南市,措美,91.432347,28.437353
山南市,洛扎,90.858243,28.385765
山南市,加查,92.591043,29.140921
山南市,隆子,92.463309,28.408548
山南市,错那,91.960132,27.991707
山南市,浪卡子,90.398747,28.96836
那曲市,那曲,92.060214,31.476004
那曲市,色尼,92.060214,31.476004
那曲市,嘉黎,93.232907,30.640846
那曲市,比如,93.68044,31.479917
那曲市,聂荣,92.303659,32.107855
那曲市,安多,91.681879,32.260299
那曲市,申扎,88.709777,30.929056
那曲市,索县,93.784964,31.886173
那曲市,班戈,90.011822,31.394578
那曲市,巴青,94.054049,31.918691
那曲市,尼玛,87.236646,31.784979
那曲市,双湖,88.838578,33.18698
阿里地区,阿里地区,80.105498,32.503187
阿里地区,普兰,81.177588,30.291896
阿里地区,札达,79.803191,31.478587
阿里地区,噶尔,80.105005,32.503373
阿里地区,日土,79.731937,33.382454
阿里地区,革吉,81.142896,32.389192
阿里地区,改则,84.062384,32.302076
阿里地区,措勤,85.159254,31.016774
西安市,西安,108.948024,34.263161
西安市,新城区,108.959903,34.26927
西安市,碑林,108.946994,34.251061
西安市,莲湖,108.933194,34.2656
西安市,灞桥,109.067261,34.267453
西安市,未央,108.946022,34.30823
西安市,雁塔,108.926593,34.213389
西安市,阎良,109.22802,34.662141
西安市,临潼,109.213986,34.372065
西安市,长安,108.941579,34.157097
西安市,高陵,109.088896,34.535065
西安市,鄠邑,108.607385,34.108668
西安市,蓝田,109.317634,34.156189
西安市,周至,108.216465,34.161532
铜川市,铜川,108.979608,34.916582
铜川市,王益,109.075862,35.069098
铜川市,印台,109.100814,35.111927
铜川市,耀州,108.962538,34.910206
铜川市,宜君,109.118278,35.398766
宝鸡市,宝鸡,107.14487,34.369315
宝鸡市,渭滨,107.144467,34.371008
宝鸡市,金台,107.149943,34.375192
宝鸡市,陈仓,107.383645,34.352747
宝鸡市,凤翔,107.400577,34.521668
宝鸡市,岐山,107.624464,34.44296
宝鸡市,扶风,107.891419,34.375497
宝鸡市,眉县,107.752371,34.272137
宝鸡市,陇县,106.857066,34.893262
宝鸡市,千阳,107.132987,34.642584
宝鸡市,麟游,107.796608,34.677714
宝鸡市,凤县,106.525212,33.912464
宝鸡市,太白,107.316533,34.059215
咸阳市,咸阳,108.705117,34.333439
咸阳市,秦都,108.698636,34.329801
咸阳市,杨陵,108.086348,34.27135
咸阳市,渭城,108.730957,34.336847
咸阳市,三原,108.943481,34.613996
咸阳市,泾阳,108.83784,34.528493
咸阳市,乾县,108.247406,34.527261
咸阳市,礼泉,108.428317,34.482583
咸阳市,永寿,108.143129,34.692619
咸阳市,长武,107.795835,35.206122
咸阳市,旬邑,108.337231,35.112234
咸阳市,淳化,108.581173,34.79797
咸阳市,武功,108.212857,34.259732
咸阳市,兴平,108.488493,34.297134
咸阳市,彬州,108.08457,35.049611
渭南市,渭南,109.502882,34.499381
渭南市,临渭,109.503299,34.501271
渭南市,华州,109.76141,34.511958
渭南市,潼关,110.24726,34.544515
渭南市,大荔,109.943123,34.795011
渭南市,合阳,110.147979,35.237098
渭南市,澄城,109.937609,35.184
渭南市,蒲城,109.589653,34.956034
渭南市,白水,109.594309,35.177291
渭南市,富平,109.187174,34.746679
渭南市,韩城,110.452391,35.475238
渭南市,华阴,110.08952,34.565359
延安市,延安,109.49081,36.596537
延安市,宝塔,109.49069,36.596291
延安市,安塞,109.325341,36.86441
延安市,延长,110.012961,36.578306
延安市,延川,110.190314,36.882066
延安市,子长,109.675968,37.14207
延安市,志丹,108.768898,36.823031
延安市,吴起,108.176976,36.924852
延安市,甘泉,109.34961,36.277729
延安市,富县,109.384136,35.996495
延安市,洛川,109.435712,35.762133
延安市,宜川,110.175537,36.050391
延安市,黄龙,109.83502,35.583276
延安市,黄陵,109.262469,35.580165
汉中市,汉中,107.028621,33.077668
汉中市,汉台,107.028233,33.077674
汉中市,南郑,106.942393,33.003341
汉中市,城固,107.329887,33.153098
汉中市,洋县,107.549962,33.223283
汉中市,西乡,107.765858,32.987961
汉中市,勉县,106.680175,33.155618
汉中市,宁强,106.25739,32.830806
汉中市,略阳,106.153899,33.329638
汉中市,镇巴,107.89531,32.535854
汉中市,留坝,106.924377,33.61334
汉中市,佛坪,107.988582,33.520745
榆林市,榆林,109.741193,38.290162
榆林市,榆阳,109.74791,38.299267
榆林市,横山,109.292596,37.964048
榆林市,府谷,111.069645,39.029243
榆林市,靖边,108.80567,37.596084
榆林市,定边,107.601284,37.59523
榆林市,绥德,110.265377,37.507701
榆林市,米脂,110.178683,37.759081
榆林市,佳县,110.493367,38.021597
榆林市,吴堡,110.739315,37.451925
榆林市,清涧,110.12146,37.087702
榆林市,子洲,110.03457,37.611573
榆林市,神木,110.497005,38.835641
安康市,安康,109.029273,32.6903
安康市,汉滨,109.029098,32.690817
安康市,汉阴,108.510946,32.891121
安康市,石泉,108.250512,33.038512
安康市,宁陕,108.313714,33.312184
安康市,紫阳,108.537788,32.520176
安康市,岚皋,108.900663,32.31069
安康市,平利,109.361865,32.387933
安康市,镇坪,109.526437,31.883395
安康市,旬阳,109.368149,32.833567
安康市,白河,110.114186,32.809484
商洛市,商洛,109.939776,33.868319
商洛市,商州,109.937685,33.869208
商洛市,洛南,110.145716,34.088502
商洛市,丹凤,110.33191,33.694711
商洛市,商南,110.885437,33.526367
商洛市,山阳,109.880435,33.530411
商洛市,镇安,109.151075,33.423981
商洛市,柞水,109.111249,33.682773
兰州市,兰州,103.823557,36.058039
兰州市,城关,103.841032,36.049115
兰州市,七里河,103.784326,36.06673
兰州市,西固,103.622331,36.100369
兰州市,安宁区,103.724038,36.10329
兰州市,红古,102.861814,36.344177
兰州市,永登,103.262203,36.734428
兰州市,皋兰,103.94933,36.331254
兰州市,榆中,104.114975,35.84443
嘉峪关市,嘉峪关,98.277304,39.786529
金昌市,金昌,102.187888,38.514238
金昌市,金川区,102.187683,38.513793
金昌市,永昌,101.971957,38.247354
白银市,白银,104.173606,36.54568
白银市,白银区,104.1554128,36.541464
白银市,平川,104.819207,36.72921
白银市,靖远,104.686972,36.561424
白银市,会宁,105.054337,35.692486
白银市,景泰,104.066394,37.193519
天水市,天水,105.724998,34.578529
天水市,秦州,105.724477,34.578645
天水市,麦积,105.897631,34.563504
天水市,清水,106.139878,34.75287
天水市,秦安,105.6733,34.862354
天水市,甘谷,105.332347,34.747327
天水市,武山,104.891696,34.721955
天水市,张家川,106.212416,34.993237
武威市,武威,102.634697,37.929996
武威市,凉州,102.634492,37.93025
武威市,民勤,103.090654,38.624621
武威市,古浪,102.898047,37.470571
武威市,天祝,103.142034,36.971678
张掖市,张掖,100.455472,38.932897
张掖市,甘州,100.454862,38.931774
张掖市,肃南,99.617086,38.837269
张掖市,民乐,100.816623,38.434454
张掖市,临泽,100.166333,39.152151
张掖市,高台,99.81665,39.376308
张掖市,山丹,101.088442,38.784839
平凉市,平凉,106.684691,35.54279
平凉市,崆峒,106.684223,35.54173
平凉市,泾川,107.365218,35.335283
平凉市,灵台,107.620587,35.064009
平凉市,崇信,107.031253,35.304533
平凉市,庄浪,106.041979,35.203428
平凉市,静宁,105.733489,35.525243
平凉市,华亭,106.649308,35.215342
酒泉市,酒泉,98.510795,39.744023
酒泉市,肃州,98.511155,39.743858
酒泉市,金塔,98.902959,39.983036
酒泉市,瓜州,95.780591,40.516525
酒泉市,肃北,94.87728,39.51224
酒泉市,阿克塞,94.337642,39.631642
酒泉市,玉门,97.037206,40.28682
酒泉市,敦煌,94.664279,40.141119
庆阳市,庆阳,107.638372,35.734218
庆阳市,西峰,107.638824,35.733713
庆阳市,庆城,107.885664,36.013504
庆阳市,环县,107.308754,36.569322
庆阳市,华池,107.986288,36.457304
庆阳市,合水,108.019865,35.819005
庆阳市,正宁,108.361068,35.490642
庆阳市,宁县,107.921182,35.50201
庆阳市,镇原,107.195706,35.677806
定西市,定西,104.626294,35.579578
定西市,安定,104.62577,35.579764
定西市,通渭,105.250102,35.208922
定西市,陇西,104.637554,35.003409
定西市,渭源,104.211742,35.133023
定西市,临洮,103.862186,35.376233
定西市,漳县,104.466756,34.848642
定西市,岷县,104.039882,34.439105
陇南市,陇南,104.929379,33.388598
陇南市,武都,104.929866,33.388155
陇南市,成县,105.734434,33.739863
陇南市,文县,104.682448,32.942171
陇南市,宕昌,104.394475,34.042655
陇南市,康县,105.609534,33.328266
陇南市,西和,105.299737,34.013718
陇南市,礼县,105.181616,34.189387
陇南市,徽县,106.085632,33.767785
陇南市,两当,106.306959,33.910729
临夏回族自治州,临夏,103.211634,35.59941
临夏回族自治州,临夏市,103.211634,35.59941
临夏回族自治州,临夏县,103.24955,35.609899
临夏回族自治州,康乐,103.709852,35.371906
临夏回族自治州,永靖,103.319871,35.938933
临夏回族自治州,广河,103.576188,35.481688
临夏回族自治州,和政,103.350357,35.425971
临夏回族自治州,东乡,103.389568,35.66383
临夏回族自治州,积石山,102.877473,35.712906
甘南藏族自治州,甘南,102.911008,34.986354
甘南藏族自治州,合作,102.91149,34.985973
甘南藏族自治州,临潭,103.353054,34.69164
甘南藏族自治州,卓尼,103.508508,34.588165
甘南藏族自治州,舟曲,104.370271,33.782964
甘南藏族自治州,迭部,103.221009,34.055348
甘南藏族自治州,玛曲,102.075767,33.998068
甘南藏族自治州,碌曲,102.488495,34.589591
甘南藏族自治州,夏河,102.520743,35.200853
西宁市,西宁,101.778916,36.623178
西宁市,城东区,101.796095,36.616043
西宁市,城中区,101.784554,36.621181
西宁市,城西区,101.763649,36.628323
西宁市,城北区,101.761297,36.648448
西宁市,大通,101.684183,36.931343
西宁市,湟中,101.569475,36.500419
西宁市,湟源,101.263435,36.684818
海东市,海东,102.10327,36.502916
海东市,乐都,102.402431,36.480291
海东市,平安,102.104295,36.502714
海东市,民和,102.804209,36.329451
海东市,互助,101.956734,36.83994
海东市,化隆,102.262329,36.098322
海东市,循化,102.486534,35.847247
海北藏族自治州,海北,100.901059,36.959435
海北藏族自治州,门源,101.618461,37.376627
海北藏族自治州,祁连,100.249778,38.175409
海北藏族自治州,海晏,100.90049,36.959542
海北藏族自治州,刚察,100.138417,37.326263
黄南藏族自治州,黄南,102.019988,35.517744
黄南藏族自治州,同仁,102.017604,35.516337
黄南藏族自治州,尖扎,102.031953,35.938205
黄南藏族自治州,泽库,101.469343,35.036842
黄南藏族自治州,河南,101.611877,34.734522
海南藏族自治州,海南,100.619542,36.280353
海南藏族自治州,共和,100.619597,36.280286
海南藏族自治州,同德,100.579465,35.254492
海南藏族自治州,贵德,101.431856,36.040456
海南藏族自治州,兴海,99.986963,35.58909
海南藏族自治州,贵南,100.74792,35.587085
果洛藏族自治州,果洛,100.242143,34.4736
果洛藏族自治州,玛沁,100.243531,34.473386
果洛藏族自治州,班玛,100.737955,32.931589
果洛藏族自治州,甘德,99.902589,33.966987
果洛藏族自治州,达日,99.651715,33.753259
果洛藏族自治州,久治,101.484884,33.430217
果洛藏族自治州,玛多,98.211343,34.91528
玉树藏族自治州,玉树,97.008522,33.004049
玉树藏族自治州,玉树市,97.008522,33.004049
玉树藏族自治州,杂多,95.293423,32.891886
玉树藏族自治州,称多,97.110893,33.367884
玉树藏族自治州,治多,95.616843,33.852322
玉树藏族自治州,囊谦,96.479797,32.203206
玉树藏族自治州,曲麻莱,95.800674,34.12654
海西蒙古族藏族自治州,海西,95.357233,37.853631
海西蒙古族藏族自治州,格尔木,94.905777,36.401541
海西蒙古族藏族自治州,德令哈,97.370143,37.374555
海西蒙古族藏族自治州,茫崖,90.51,38.15
海西蒙古族藏族自治州,乌兰,98.479852,36.930389
海西蒙古族藏族自治州,都兰,98.089161,36.298553
海西蒙古族藏族自治州,天峻,99.02078,37.29906
银川市,银川,106.278179,38.46637
银川市,兴庆,106.278393,38.46747
银川市,西夏,106.132116,38.492424
银川市,金凤,106.228486,38.477353
银川市,永宁,106.253781,38.28043
银川市,贺兰,106.345904,38.554563
银川市,灵武,106.334701,38.094058
石嘴山市,石嘴山,106.376173,39.01333
石嘴山市,大武口,106.376651,39.014158
石嘴山市,惠农,106.775513,39.230094
石嘴山市,平罗,106.54489,38.90674
吴忠市,吴忠,106.199409,37.986165
吴忠市,利通,106.199419,37.985967
吴忠市,红寺堡,106.067315,37.421616
吴忠市,盐池,107.40541,37.784222
吴忠市,同心,105.914764,36.9829
吴忠市,青铜峡,106.075395,38.021509
固原市,固原,106.285241,36.004561
固原市,原州,106.28477,36.005337
固原市,西吉,105.731801,35.965384
固原市,隆德,106.12344,35.618234
固原市,泾源,106.338674,35.49344
固原市,彭阳,106.641512,35.849975
中卫市,中卫,105.189568,37.514951
中卫市,沙坡头,105.190536,37.514564
中卫市,中宁,105.675784,37.489736
中卫市,海原,105.647323,36.562007
乌鲁木齐市,乌鲁木齐,87.617733,43.792818
乌鲁木齐市,天山,87.620116,43.796428
乌鲁木齐市,沙依巴克,87.596639,43.788872
乌鲁木齐市,新市区,87.560653,43.870882
乌鲁木齐市,水磨沟,87.613093,43.816747
乌鲁木齐市,头屯河,87.425823,43.876053
乌鲁木齐市,达坂城,88.30994,43.36181
乌鲁木齐市,米东,87.691801,43.960982
乌鲁木齐市,乌鲁木齐县,87.505603,43.982546
克拉玛依市,克拉玛依,84.873946,45.595886
克拉玛依市,独山子,84.882267,44.327207
克拉玛依市,克拉玛依区,84.866222,45.5966242
克拉玛依市,白碱滩,85.129882,45.689021
克拉玛依市,乌尔禾,85.697767,46.08776
吐鲁番市,吐鲁番,89.184078,42.947613
吐鲁番市,高昌,89.182324,42.947627
吐鲁番市,鄯善,90.212692,42.865503
吐鲁番市,托克逊,88.655771,42.793536
哈密市,哈密,93.51316,42.833248
哈密市,伊州,93.509174,42.833888
哈密市,巴里坤,93.021795,43.599032
哈密市,伊吾,94.692773,43.252012
昌吉回族自治州,昌吉,87.304012,44.014577
昌吉回族自治州,昌吉市,87.304012,44.014577
昌吉回族自治州,阜康,87.98384,44.152153
昌吉回族自治州,呼图壁,86.888613,44.189342
昌吉回族自治州,玛纳斯,86.217687,44.305625
昌吉回族自治州,奇台,89.591437,44.021996
昌吉回族自治州,吉木萨尔,89.181288,43.997162
昌吉回族自治州,木垒,90.282833,43.832442
博尔塔拉蒙古自治州,博尔塔拉,82.074778,44.903258
博尔塔拉蒙古自治州,博乐,82.072237,44.903087
博尔塔拉蒙古自治州,阿拉山口,82.569389,45.16777
博尔塔拉蒙古自治州,精河,82.892938,44.605645
博尔塔拉蒙古自治州,温泉,81.03099,44.973751
巴音郭楞蒙古自治州,巴音郭楞,86.150969,41.768552
巴音郭楞蒙古自治州,库尔勒,86.145948,41.763122
巴音郭楞蒙古自治州,轮台,84.248542,41.781266
巴音郭楞蒙古自治州,尉犁,86.263412,41.337428
巴音郭楞蒙古自治州,若羌,88.168807,39.023807
巴音郭楞蒙古自治州,且末,85.532629,38.138562
巴音郭楞蒙古自治州,焉耆,86.5698,42.064349
巴音郭楞蒙古自治州,和静,86.391067,42.31716
巴音郭楞蒙古自治州,和硕,86.864947,42.268863
巴音郭楞蒙古自治州,博湖,86.631576,41.980166
阿克苏地区,阿克苏,80.265068,41.170712
阿克苏地区,阿克苏市,80.265068,41.170712
阿克苏地区,温宿,80.243273,41.272995
阿克苏地区,库车,82.96304,41.717141
阿克苏地区,沙雅,82.78077,41.226268
阿克苏地区,新和,82.610828,41.551176
阿克苏地区,拜城,81.869881,41.796101
阿克苏地区,乌什,79.230805,41.21587
阿克苏地区,阿瓦提,80.378426,40.638422
阿克苏地区,柯坪,79.04785,40.50624
克孜勒苏柯尔克孜自治州,克孜勒苏,76.176796,39.713966
克孜勒苏柯尔克孜自治州,阿图什,76.173939,39.712898
克孜勒苏柯尔克孜自治州,阿克陶,75.945159,39.147079
克孜勒苏柯尔克孜自治州,阿合奇,78.450164,40.937567
克孜勒苏柯尔克孜自治州,乌恰,75.25969,39.716633
喀什地区,喀什,75.989138,39.467664
喀什地区,喀什市,75.989138,39.467664
喀什地区,疏附,75.863075,39.378306
喀什地区,疏勒,76.053653,39.399461
喀什地区,英吉沙,76.174292,38.929839
喀什地区,泽普,77.273593,38.191217
喀什地区,莎车,77.248884,38.414499
喀什地区,叶城,77.420353,37.884679
喀什地区,麦盖提,77.651538,38.903384
喀什地区,岳普湖,76.7724,39.235248
喀什地区,伽师,76.741982,39.494325
喀什地区,巴楚,78.55041,39.783479
喀什地区,塔什库尔干,75.228068,37.775437
和田地区,和田,79.927542,37.108944
和田地区,和田市,79.927542,37.108944
和田地区,和田县,79.920212,37.118335
和田地区,墨玉,79.736629,37.271511
和田地区,皮山,78.282301,37.616332
和田地区,洛浦,80.184038,37.074377
和田地区,策勒,80.803572,37.001672
和田地区,于田,81.667845,36.854628
和田地区,民丰,82.692354,37.064909
伊犁哈萨克自治州,伊犁,81.317946,43.92186
伊犁哈萨克自治州,伊宁,81.316343,43.922209
伊犁哈萨克自治州,奎屯,84.901602,44.423445
伊犁哈萨克自治州,霍尔果斯,80.420759,44.201669
伊犁哈萨克自治州,伊宁县,81.524671,43.977876
伊犁哈萨克自治州,察布查尔,81.150874,43.838883
伊犁哈萨克自治州,霍城,80.872508,44.049912
伊犁哈萨克自治州,巩留,82.227044,43.481618
伊犁哈萨克自治州,新源,83.258493,43.434249
伊犁哈萨克自治州,昭苏,81.126029,43.157765
伊犁哈萨克自治州,特克斯,81.840058,43.214861
伊犁哈萨克自治州,尼勒克,82.504119,43.789737
塔城地区,塔城,82.983988,46.746281
塔城地区,塔城市,82.983988,46.746281
塔城地区,乌苏,84.677624,44.430115
塔城地区,额敏,83.622118,46.522555
塔城地区,沙湾,85.622508,44.329544
塔城地区,托里,83.60469,45.935863
塔城地区,裕民,82.982157,46.202781
塔城地区,和布克赛尔,85.733551,46.793001
阿勒泰地区,阿勒泰,88.138743,47.848911
阿勒泰地区,阿勒泰市,88.138743,47.848911
阿勒泰地区,布尔津,86.86186,47.70453
阿勒泰地区,富蕴,89.524993,46.993106
阿勒泰地区,福海,87.494569,47.113128
阿勒泰地区,哈巴河,86.418964,48.059284
阿勒泰地区,青河,90.381561,46.672446
阿勒泰地区,吉木乃,85.876064,47.434633
石河子市,石河子,86.041075,44.305886
阿拉尔市,阿拉尔,81.285884,40.541914
图木舒克市,图木舒克,79.077978,39.867316
五家渠市,五家渠,87.526884,44.167401
北屯市,北屯,87.824932,47.353177
铁门关市,铁门关,85.501218,41.827251
双河市,双河,82.353656,44.840524
可克达拉市,可克达拉,80.63579,43.6832
昆玉市,昆玉,79.301389,37.227712
香港,香港,114.1835505,22.28315865
香港,中西区,114.1594914,22.29134271
香港,东区,114.1715331,22.28115508
香港,九龙城区,114.1985541,22.32572284
香港,观塘区,114.237431,22.3168035
香港,南区,114.1715331,22.28115508
香港,深水埗区,114.1755652,22.33481452
香港,湾仔区,114.1835505,22.28315865
香港,黄大仙区,114.2055528,22.34451658
香港,油尖旺区,114.1785446,22.30658389
香港,离岛区,113.9515473,22.28606648
香港,葵青区,114.1434745,22.36661881
香港,新界,114.1434745,22.36661881
香港,北区,114.1715331,22.28115508
香港,西贡区,114.2835249,22.38507731
香港,沙田区,114.1985514,22.38852226
香港,屯门区,113.987456,22.3935848
香港,大埔区,114.1755645,22.45381433
香港,荃湾区,114.126441,22.37824396
香港,元朗区,114.0385097,22.44856478
澳门,花王堂区,113.2558579,23.1564368
澳门,望德堂区,112.6007804,22.38634811
澳门,风顺堂区,113.0814467,28.81897576
澳门,圣方济各堂区,113.575549,22.128861
澳门,嘉模堂区,113.575521,22.162438
澳门,大堂区,113.96756,22.58626842
澳门,路氹填海区,113.582715,22.15065
澳门,花地玛堂区,113.554922,22.210752
澳门,澳门,113.547925,22.183116
台北市,台北,121.5819203,25.03388268
台北市,北投区,121.5282024,25.15136446
台北市,松山区,121.5874415,25.05327973
台北市,大同区,121.5236461,25.06707618
台北市,文山区,121.5842638,24.99182226
台北市,信义区,121.5819203,25.03388268
台北市,内湖区,121.6026153,25.08682704
台北市,中正区,121.5302879,25.03549869
台北市,万华区,121.5077475,25.03233571
台北市,中山区,121.5484835,25.07311455
台北市,士林区,121.5612886,25.1289048
台北市,南港区,121.6199637,25.03896698
台北市,大安区,121.553725,25.0301506
高雄市,高雄,120.3313622,22.62696657
高雄市,小港区,120.364759,22.55205863
高雄市,左营区,120.306203,22.68626054
高雄市,大寮区,120.4216708,22.59612143
高雄市,那玛夏区,120.7313316,23.26675952
高雄市,旗津区,120.3006297,22.58726986
高雄市,弥陀区,120.2494484,22.78373315
高雄市,燕巢区,120.3813331,22.79125847
高雄市,大树区,120.435943,22.71424262
高雄市,阿莲区,120.3316111,22.87362029
高雄市,楠梓区,120.3106944,22.72370717
高雄市,鸟松区,120.3832661,22.66611991
高雄市,苓雅区,120.3313622,22.62696657
高雄市,桥头区,120.3110899,22.75564793
高雄市,梓官区,120.2698399,22.7515747
高雄市,美浓区,120.5527156,22.8976974
高雄市,仁武区,120.3711197,22.70482942
高雄市,凤山区,120.3659715,22.61756286
高雄市,甲仙区,120.6334987,23.11992128
高雄市,茄萣区,120.2080927,22.88528364
高雄市,大社区,120.3813362,22.74345571
高雄市,前镇区,120.3295082,22.59021659
高雄市,茂林区,120.7625105,22.92332115
高雄市,湖内区,120.2364064,22.89698705
高雄市,六龟区,120.6679755,23.01184855
高雄市,林园区,120.4075328,22.51234032
高雄市,内门区,120.4823749,22.96031794
高雄市,鼓山区,120.2846182,22.65337172
高雄市,杉林区,120.5501005,22.97462853
高雄市,三民区,120.3285592,22.6532343
高雄市,前金区,120.3051245,22.63009306
高雄市,冈山区,120.3084201,22.80830358
高雄市,田寮区,120.4065179,22.86742805
高雄市,桃源区,120.8617386,23.22808304
高雄市,盐埕区,120.2947558,22.62749407
高雄市,旗山区,120.4859252,22.86863959
高雄市,永安区,120.2382098,22.82604842
高雄市,路竹区,120.2764796,22.86065347
高雄市,新兴区,120.3172186,22.63300066
新北市,新北市,121.6575784,24.9503861
新北市,八里区,121.4172843,25.14447256
新北市,三峡区,121.426873,24.88559172
新北市,新庄区,121.4474244,25.0396064
新北市,坪林区,121.7345195,24.91425254
新北市,莺歌区,121.357196,24.96008316
新北市,汐止区,121.6650389,25.07649176
新北市,深坑区,121.6304067,25.00052445
新北市,芦洲区,121.4818305,25.09260089
新北市,三芝区,121.5262236,25.23457812
新北市,三重区,121.4976883,25.06608738
新北市,平溪区,121.7682454,25.02933191
新北市,中和区,121.5046936,24.99392491
新北市,永和区,121.5310242,25.01231493
新北市,泰山区,121.4268991,25.05911958
新北市,土城区,121.4563352,24.96790545
新北市,石碇区,121.6575784,24.9503861
新北市,五股区,121.4438325,25.09988758
新北市,林口区,121.3628373,25.10372006
新北市,双溪区,121.8432455,25.00017659
新北市,树林区,121.4351393,24.99399818
新北市,板桥区,121.4680768,25.01501473
新北市,新店区,121.5420831,24.93362675
新北市,乌来区,121.5519632,24.79154258
新北市,贡寮区,121.92822,25.02816504
新北市,金山区,121.6155666,25.22015442
新北市,万里区,121.6542236,25.17889398
新北市,淡水区,121.4513256,25.17346736
新北市,瑞芳区,121.833422,25.10139777
新北市,石门区,121.5798554,25.26822575
台中市,台中市,120.7836687,24.11815931
台中市,东区,120.6574238,24.16660115
台中市,新社区,120.8416612,24.180949
台中市,中区,120.690908,24.14484938
台中市,南屯区,120.6282128,24.14475693
台中市,神冈区,120.6836127,24.26882555
台中市,沙鹿区,120.5940545,24.23763813
台中市,丰原区,120.7479144,24.25337121
台中市,大里区,120.7028836,24.09916005
台中市,龙井区,120.5344724,24.20876557
台中市,西区,120.6662491,24.14590103
台中市,南区,120.6644759,24.1201095
台中市,西屯区,120.6441619,24.1681356
台中市,太平区,120.7836687,24.11815931
台中市,北屯区,120.7466109,24.18730277
台中市,大雅区,120.6513787,24.23014051
台中市,石冈区,120.8007652,24.26805738
台中市,北区,120.6833344,24.15806169
台中市,大甲区,120.6465487,24.38056164
台中市,梧栖区,120.5419444,24.25793238
台中市,东势区,120.8503652,24.25283293
台中市,和平区,121.150732,24.27955689
台中市,雾峰区,120.7305205,24.04674241
台中市,乌日区,120.6395238,24.08710863
台中市,后里区,120.7249254,24.31304312
台中市,潭子区,120.7154976,24.21313365
台中市,大肚区,120.5645652,24.14782482
台中市,外埔区,120.6753127,24.33863155
台中市,清水区,120.591795,24.29473891
台中市,大安区,120.6044447,24.36800068
台南市,台南市,120.1748534,22.99280496
台南市,安定区,120.2402305,23.1036846
台南市,大内区,120.4093087,23.14837314
台南市,东山区,120.4545327,23.28201941
台南市,下营区,120.2753235,23.23456692
台南市,山上区,120.3632201,23.1069299
台南市,永康区,120.2647294,23.0309091
台南市,新营区,120.3059304,23.30494576
台南市,白河区,120.4683017,23.35498633
台南市,盐水区,120.2588461,23.30172459
台南市,归仁区,120.30355,22.94999621
台南市,龙崎区,120.3755172,22.96723937
台南市,关庙区,120.3442083,22.95923424
台南市,仁德区,120.253476,22.9449752
台南市,学甲区,120.1947473,23.25563507
台南市,善化区,120.3092858,23.14366936
台南市,新市区,120.3028666,23.08658697
台南市,佳里区,120.1890462,23.17049599
台南市,新化区,120.3214676,23.04130688
台南市,西港区,120.2108393,23.12914125
台南市,麻豆区,120.2518255,23.18615194
台南市,安南区,120.1632396,23.05247729
台南市,后壁区,120.3590948,23.36580644
台南市,柳营区,120.3654964,23.27254452
台南市,玉井区,120.4706554,23.12739855
台南市,官田区,120.3585637,23.1946169
台南市,东区,120.2295757,22.98051304
台南市,六甲区,120.3904961,23.23088216
台南市,中西区,120.2043438,22.99837589
台南市,北区,120.2016099,23.010416
台南市,楠西区,120.527304,23.18225614
台南市,南化区,120.5545534,23.11877786
台南市,左镇区,120.4228982,23.02955288
台南市,南区,120.1826114,22.95085417
台南市,安平区,120.1748534,22.99280496
台南市,北门区,120.1378511,23.28153327
台南市,七股区,120.1121611,23.12732734
台南市,将军区,120.1389809,23.21183762
桃园市,桃园市,121.3101871,25.00394969
桃园市,平镇市,121.2244832,24.92460847
桃园市,杨梅市,121.1396555,24.92165362
桃园市,八德市,121.2949359,24.93178357
桃园市,桃园区,121.3101871,25.00394969
桃园市,龟山乡,121.367533,25.02756849
桃园市,复兴乡,121.3859894,24.73305359
桃园市,芦竹乡,121.2936151,25.06406683
桃园市,观音乡,121.1271103,25.02933995
桃园市,龙潭乡,121.2223369,24.85403473
桃园市,大溪镇,121.29671,24.88442831
桃园市,大园乡,121.2223756,25.06738556
桃园市,新屋乡,121.0790757,24.97604297
桃园市,中坜市,121.225309,24.9832868
基隆市,基隆,121.7378371,25.12484475
新竹市,新竹市,120.9546544,24.79206057
嘉义市,嘉义市,120.4231544,23.46516156
新竹县,新竹县,121.0894256,24.74759115
宜兰县,宜兰县,121.7362196,24.68599761
苗栗县,苗栗县,120.8559116,24.52000252
彰化县,彰化县,120.5037064,23.96467421
云林县,云林县,120.3749967,23.6930113
南投县,南投县,120.8446101,23.86884417
嘉义县,嘉义县,120.4231544,23.46516156
屏东县,屏东县,120.6015358,22.50068845
台东县,台东县,121.1238524,22.79065274
花莲县,花莲县,121.4435631,23.6988514
澎湖县,澎湖县,119.5472548,23.49781077
